abere,abereac
abere,abereac
abere,abereac
abere,abereac
maltsotu,malsotu
abere,abereac
aberetxo,aberechoa
aberekeria,aberequeria
aberetasun,aberetasuna
akabaila,acaballa
akabaila,acaballá
akara,acara
akastu,acastu
akastu,acastua
akats,acatsa
atxa,achá
atxedenleku,achedenlecua
atxurkada,achurcada
talde,taldea
zai,zaya
atxurlari,achurlaria
atxurkintza,achurquintza
azitrai,acitraya
akusazio,acusacioa
adarbakotx,adarbacocha
adarkada,adarcada
adarkari,adarcaria
adarkatu,adarcatu
adastu,adastu
adastu,adastua
adia,adia
adi,adiac
adiakari,adiacaria
adiakatu,adiacatu
adiera,adiera
adina,adina
adina,adiná
adinkide,adinquidea
goiende,goyendea
aditzaile,aditzalleac
goiende,goyendea
adiurre,adiurrea
administratzaile,administratzallea
adrailu,adrallua
ekidatu,equidatu
aduana,aduana
aduana,aduaná
afarusi,afarusia
agata,agata
agerkai,aguercaya
agerle,aguerlea
agerketa,aguerqueta
agertarazi,aguertaraci
aginde,aguinde
aginde,aguindea
agintaldi,aguintaldia
ondorengo,ondorengoa
estutu,estutu
estutu,estutua
aguretxo,agurechoa
aguretu,aguretu
aguretu,aguretua
agurtu,agurtu
agurtu,agurtua
agurtzaile,agurtzallea
ahaika,ahaicá
ahaikari,ahaicaria
ahaikatu,ahaicatu
ahaikatu,ahaicatua
ahaikatzaile,ahaicatzallea
ahaiko,ahaicoac
iragazi,iragacia
aizegin,aiceguin
aizeman,aiceman
goiende,goyendea
ainbandu,aimbandu
ainbandu,aimbandua
aingerutxo,aingueruchoa
ainguratu,ainguratu
ainguratu,ainguratua
aisatu,aisatu
aitabisaba,aitabisaba
aitagoi,aitagoya
aitalen,aitalena
goiende,goyendea
aitamen,aitamena
aitakide,aitaquidea
aitasaba,aitasaba
aitaurren,aitaurrena
aitona,aitona
aitona,aitona
aitorde,aitordea
aitortegi,aitorteguia
goiende,goyendea
aitzurkada,aitzurcada
aitzurlari,aitzurlaria
aitzurle,aitzurlea
aizape,aizapea
aiztu,aiztua
alabastro,alabastro
alaitasun,alaitasuna
alaitu,alaitu
alaitu,alaitua
alaja,alaja
alanbre,alambrea
alara,alara
alasai,alasaya
goiende,goyendea
alatu,alatu
alai,alaya
albetxe,albechea
albiste,albiste
albiste,albistea
albo,albóac
alborada,alborada
zai,zaia
alkanfor,alcanfora
aldaira,aldaira
eskutoki,escutoquiac
aldaro,aldaroa
aldazpi,aldazpia
alderagin,alderaguin
alderagin,alderaguiña
alderantziz,alderanciz
alderdi,alderdiac
aldi,aldiac
aldimaitza,aldimaitza
alditsu,alditsua
aldaira,aldaira
aldun,alduna
ale,alea
ale,alea
ale,aleac
ale,aleac
alegeria,alegueria
alegeria,alegueria
aletu,aletua
algara,algará
algaraz,algaráz
ailegatu,allegatu
almen,almená
almen,almenac
almidoatu,almidoatu
almidoatu,almidoatua
alogeratu,alogueratu
alogeratu,alogueratua
alogeratu,alogueratua
alorta,alorta
alorta,alorta
zai,zaya
alportxa,alporcha
altegi,alteguia
altiste,altiste
itsatsi,itsatsiac
altsi,altsiac
altzairuztatu,altzairuztatu
altzapremiatu,altzapremiatu
altzo,altzoac
altzo,alzoac
amabisaba,amabisaba
amabizko,amabizco
amabizko,amabizcoa
amagoi,amagoya
bilguma,bilguma
amasaba,amasaba
amatzaile,amatzallea
ameskaitz,amescaitza
amesgile,amesguillea
amets,ametsac
ametz,ametzá
amildu,amildu
amildu,amildua
amirun,amiruna
almidoi,almidoya
amodiotsu,amodiotsua
amona,amoná
amorratu,amorratu
amorratu,amorratua
anparatzaile,amparatzallea
anpulu,ampulua
amu,amuac
eraio,erayoa
anaikide,anaiquidea
anaitu,anaitu
anaitu,anaitua
zai,zaya
antxume,anchume
antxume,anchumea
antzina,anciná
antzina,anciña
antzinako,anciñacoac
dirutegi,diruteguia
antzinaera,anciñaera
antzinate,anciñatea
andeza,andeza
zornatu,zornatua
hitz,hitzac
angurri,angurria
antolamendu,antolamendua
antolamendu,antolamenduá
farragarri,farragarria
antzarkume,antzarcumea
antzeko,antzecoa
antzestu,antzestu
antzestu,antzestua
anddere,anyerea
andderusa,anyerusa
apaidin,apaidiña
gezurti,guezurtiac
apainketa,apainqueta
apainketa,apainqueta
apainketa,apainqueta
apaintzaile,apaintzallea
aurren,aurrena
goiende,goyendea
goiende,goyendea
apaizurren,apaizurrena
barruti,barrutia
zai,zaia
aparte,aparte
apartsu,apartsua
apezaita,apezaita
goiende,goyendea
apote,apotea
aputio,aputioa
txikiratu,chiquiratua
akertxo,aquerchoac
akirin,aquirina
arakarri,aracarria
barrendu,barrendu
arantzatu,aranzatu
aratuzte,aratuztea
aratuzte,aratuzteac
arautu,arautu
arautu,arautua
arazo,arazo
arazo,arazo
arazo,arazoa
arbaltx,arbalcha
arbazta,arbazta
arbel,arbelá
arbeltx,arbelcha
arbiska,arbiscá
arbotzoi,arbotzoi
arkakuso,arcacusoa
arkaizdi,arcaizdia
goiende,goyendea
talde,taldea
ardazle,ardazlea
errebelatu,errebelatua
gorriska,gorriscá
ardo,ardoac
ardore,ardorea
ardozale,ardozalea
ardurati,arduratia
areriotasun,areriotasuna
areriotu,areriotu
arestian,arestian
arge,arguea
argiagotu,arguiagotua
argidun,arguiduna
argiontzi,arguiontzi
zai,zaya
argiontzi,arguiontzia
argiro,arguiro
argiro,arguiró
argitsu,arguitsua
almen,almenac
arintxo,arincho
arintxo,arincho
armagile,armaguillea
geraldi,gueraldia
armiarma,armiarma
artze,artzea
arnotegi,arnoteguia
aroi,aroya
sargoritu,sargoritu
bilguma,bilguma
arpoi,arpoyac
arrabiatu,arrabiatu
arrabiatu,arrabiatua
arrabio,arrabio
arrabio,arrabioa
arrakada,arracada
arrakada,arracadá
arradiza,arradiza
arradiza,arradizá
arraia,arraia
arraia,arraiá
arranpa,arrampa
arrandegi,arrandeguia
arrantzatu,arrantzatu
arrantzatu,arranzatu
arrantzatu,arranzatua
arrastaka,arrastaca
arratz,arratza
arrau,arrauac
irun,iruñac
arraultza,arraultza
arraultza,arraultza
kosko,coscoa
arraun,arraun
arraun,arraunac
arraia,arráya
arrai,arrayac
arrazko,arrazcoa
arrazoi,arrazoi
arre,arre
arre,arrea
arre,arreá
arre,arrea
arrendu,arrendu
arrendu,arrendua
arreta,arreta
arreta,arretá
arreta,árreta
arreta,arreta
arreta,arreta
arretu,arretu
arretu,arretua
zerrenda,cerrendá
arri,arriac
arriolio,arriolioa
arroztegi,arrozteguia
artaburu,artaburua
artazi,artaciac
artale,artalea
arteko,artecoac
artelatz,artelatza
artelazki,artelazquia
artelazki,artelazquia
artemein,artemeiñ
artezari,artezaria
arturgi,arturgui
arturgi,arturguia
artzatu,artzatu
artzatu,artzatua
artze,artzea
artze,artzeá
txirola,chirola
asbera,asbera
asberatu,asberatu
askaera,ascaera
askatezin,ascateciña
askatzaile,ascatzallea
askai,ascaya
askordin,ascordina
asealdi,asealdia
asentsio,asensioa
aztiatu,aztiatua
asmo,asmoa
limuri,limuria
aski,asqui
aski,asqui
askidatu,asquidatu
asalda,assalda
aserrarazi,asserraraci
bortusai,bortusaya
astakeria,astaqueria
astatipula,astatipula
astazai,astazaya
astintzaile,astintzallea
astitsu,astitsua
astotxo,astochoa
astorki,astorquia
astotu,astotu
astotu,astotua
astundu,astundu
astundu,astundú
astundu,astundua
astungarri,astungarri
astungarri,astungarria
ataika,ataicá
ataurre,ataurrea
ataurre,atáurrea
atela,atelá
atelekatu,atelecatu
aterraldi,aterraldia
aterrune,aterrunea
atezai,atezaya
neurgarri,neurgarria
atrebentzia,atrebencia
ojukatu,ojucatu
zezin,ceciña
lokarri,locarriac
atzaparkada,atzaparcada
atzapartari,atzapartaria
atzapartu,atzapartu
atzapartu,átzapartu
atzapartu,atzapartua
atzen,atzena
guda,gudá
atzenurren,atzenurrena
atzeki,atzequi
atzeki,atzequi
atzerritu,atzerritu
atzerritu,atzerritua
atzetu,atzetu
atzetu,atzetua
atzipetu,atzipetu
atzipetzaile,atzipetzallea
aurkaratu,aurcaratu
aurdiko,aurdicoa
aurkez,aurquez
aurkez,aurquez
aurkez,aurquez
aurkez,aurquez
aurkeztatu,aurqueztatu
aurkeztu,aurqueztu
aurkeztu,aurqueztua
aurrandetu,aurrandetu
aurrandetu,aurrandetua
aurren,áurren
aurren,aurren
aurren,aurrena
aurren,aurrenac
aurrerapen,aurrerapena
aurreratzaile,aurreratzallea
ausaz,ausaz
ausmartu,ausmartu
ausmartu,ausmartua
igortzi,igortzi
austontzi,austoncia
austun,austuna
autsarri,autsarria
autsiabartza,autsiabarza
autsu,autsua
auzalan,auzalana
auzpetu,auzpetu
auzpetu,auzpetua
mentu,mentua
azalde,azaldea
azalde,azaldea
azaldu,azaldu
azaldu,azaldua
azalpeko,azalpecoa
azao,azaoa
azkazal,azcazalac
azerikeria,azeriqueria
azotaldi,azotaldia
azpikotu,azpicotu
azpikotu,azpicotua
azpildu,azpildu
azpildu,azpildua
azpiratzaile,azpiratzallea
aztal,aztalac
kosko,coscoa
aztarna,aztarna
aztarriaka,aztarriaca
aztiatu,aztiatu
aztiatu,aztiatú
aztinantza,aztinanza
lantegi,lanteguia
txuritu,churitu
txuritu,churitua
babalarru,babalarrua
babalarrutu,babalarrutu
babalarrutu,babalarrutua
babil,babilla
bakandu,bacandu
bakandu,bacandú
bakardade,bacardadea
bakartegi,bacarteguia
zai,zaya
bagai,bagaya
baimendu,baimendua
baira,baira
baira,bairá
bairatsu,bairatsua
balakari,balacaria
balazo,balazoa
balkoi,balcoya
baldan,baldana
baldankeria,baldanqueria
mun,munac
balekume,balecumea
balenka,balenca
balenka,balenca
baliobage,baliobaguea
baliobagetu,baliobaguetu
baliotsu,baliotsua
balioztatu,balioztatu
banaita,banaita
banaita,banaitá
luze,luceac
banderatxo,banderachoa
baranda,barandá
barautu,barautu
barautzaile,barautzallea
barazki,barazquia
barkagarri,barcagarria
barkamen,barcamena
bardinkuntza,bardincunza
baresare,baresarea
barnari,barnaria
barnatu,barnatu
barnatu,barnatua
baroe,baroea
zulo,zuloac
barrendu,barrendu
barrendu,barrendua
txuri,churi
aldamen,aldaménac
barrunbe,barrumbea
barruti,barrutia
barrutu,barrutu
basaku,basacua
basajende,basagendea
basaperrejil,basaperregil
basakeria,basaqueria
basara,basara
basarto,basartoa
basatetxe,basatechea
basati,basatia
epaiketa,epaiqueta
basoti,basotia
basozai,basozaya
erantsi,eransi
bastagin,bastaguiña
bastagintza,bastaguintza
bastatu,bastatua
erantsi,eransi
bateotegi,bateoteguia
batzaile,batzallea
batzaile,batzállea
batzaile,batzallea
batzarkide,batzarquidea
baiezko,bayezcoa
baieztatu,bayeztatú
baieztatu,bayeztatua
baieztu,bayeztu
baieztu,bayeztú
baieztu,bayeztuá
baztanga,baztanga
baztertxo,bazterchoa
baztertu,baztertu
beakurtu,beacurtu
beakurtu,beacurtua
bekatxu,becachua
bekalde,becaldea
bekaldetu,becaldetu
bekaldetu,becaldetua
bekaldu,becaldu
bekaldu,becaldua
bezero,becero
bezero,beceroa
bezinta,becinta
bekosko,becoscoa
bekoskodun,becoscoduna
bedeikazio,bedeicacioa
begaldi,begaldia
odoldu,odolduac
begirada,beguirada
begirada,beguiradá
goiende,goyendea
begirantza,beguiranza
begiratzaile,beguiratzallea
begirune,beguirunea
begitandu,beguitandu
begitandu,beguitandua
arraia,arraya
begizko,beguizcoa
begizko,beguizcoa
beilari,beillaria
belardi,belardia
ale,aléac
beiragile,beiraguillea
beirategi,beirateguia
belatxiki,belachiquia
belakume,belacumea
belardi,belardia
belarri,belarriac
belarri,belarriac
belarri,belarriac
belarrondoko,belarrondocoa
belartsu,belartsua
belartza,belartza
belaunkada,belauncada
beltxarga,belchargá
belutu,belutu
belutu,belutua
beltzuntza,belzuntza
beltzuntza,belzunza
beltzurda,belzurda
benaz,benaz
benetan,benetan
bepuru,bepuruac
berdalatz,berdalatza
berdin,berdiñac
berdinez,berdiñeza
eskudatu,escudatu
erara,erara
bere,bereac
berezita,berecitá
berezitu,berecitu
berezitu,berecitua
beregandu,beregandu
beregandu,beregandua
bereiztu,bereiztu
berendu,berendu
bereki,berequia
beresi,beresia
berjosi,berjosi
berjosi,berjosia
bernezur,bernezur
beroaldi,beroaldia
berontzi,berontzia
berrartu,berrartu
berrartu,berrartua
berri,berriac
berri,berriac
berri,berriac
berritsukeria,berritsuqueria
berritzaile,berritzallea
ganbusi,gambusi
berriztu,berriztu
berriztu,berriztua
bertatik,bertatic
bertatiko,bertaticoa
bertezarri,bertezarri
bertezarri,bertezarria
bertikusi,berticusi
bertikusi,berticusia
bertiste,bertistea
bertitz,bertitzá
bertiztu,bertiztu
lauso,lausoa
besaburu,besaburua
besakada,besacada
besaldi,besaldia
beso,besoac
beso,besoac
erara,erará
ondoren,ondoren
ondorengo,ondorengo
sarrera,sarrera
zai,zai
besterendu,besterendu
besterendu,besterendua
bestiruditu,bestiruditu
betarraga,betarraga
beta,beta
beta,beta
betazal,betazalac
betero,betero
betero,beteró
betetzaile,betetzallea
betibizi,betibicia
betiraun,betirauna
betiraunde,betiraundea
betiro,betiro
betiro,betiró
betondo,betondoa
betun,betuna
betuste,betustea
betzigo,betzigoa
bezatu,bezatú
giro,guiroa
bialkin,bialquiña
bizibide,bicibidea
bizimodu,bicimodua
bizitasun,bicitasuna
bizitegi,biciteguia
bizitu,bicitu
bidajari,bidajaria
bidalkartu,bidalcartu
bidaldi,bidaldia
bidasari,bidasaria
bidasti,bidastia
bidazain,bidazaina
zakuto,zacutoa
bide,bideac
bidegabe,bidegabeac
bideratu,bideratu
bideratu,bideratua
bidutzi,bidutzia
sarealdi,sarealdia
bigote,bigote
bigote,bigote
bigote,bigotea
bigotedun,bigoteduna
bildil,bildilla
bildurgarri,bildurgarria
bilgo,bilgo
bilgo,bilgoa
bilgo,bilgoac
bilguma,bilguma
bilguma,bilgumá
bilaldi,billaldia
bilakinde,billaquindea
bilakindetu,billaquindetu
bilakindu,billaquindu
bilakindu,billaquindua
bilaukeria,billauqueria
bilorri,bilorria
bilorruski,bilorrusquia
bilotsu,bilotsua
bilotsu,bilotsua
bilkida,bilquida
bilkida,bilquidá
biltoki,biltoquia
biltzarkide,biltzarquidea
biola,biola
biolin,biolina
biolinista,biolinista
biki,biquia
biraudun,birauduna
biribil,biribillac
birikodi,biricodiac
birikeri,biriqueria
birjaio,birjayo
birla,birlá
birlo,birloa
birunka,birunca
biskatsu,biscatsua
biskatu,biscatu
bisuts,bisutsa
bisuts,bisutsa
bitarteko,bitartecoac
bekaldu,becaldu
zapi,zapia
bizargile,bizarguillea
motxaile,mochallea
bizarkin,bizarquiña
bizarkintegi,bizarquinteguia
bizarkintza,bizarquintza
bizartu,bizartu
zai,zaya
bizki,bizquia
biztandu,biztandu
biztanle,biztanlea
bogari,bogari
aurren,aurrena
bogari,bogaria
zai,zaya
bolingozo,bolingozoa
bordatzaile,bordatzallea
lankai,lancaya
bordoi,bordoya
borla,borla
bostortz,bostortza
botarri,botarria
botin,botiñac
botoitu,botoitua
branda,brandá
brinko,brincoa
brindis,brindisa
bukaera,bucaera
bukatu,bucatu
bukatu,bucatú
bukatu,bucatua
igortzi,igortzi
igortzi,igortzia
bufoikeria,bufoiqueria
bufoi,bufoya
buiatu,buiatua
bularka,bularca
bulka,bulcá
bultzada,bultzada
bultzatu,bultzatu
bultzada,bulzada
bultzatu,bulzatu
bultzatu,bulzatua
burkaitz,burcaitza
burkaiztu,burcaiztu
burkoi,burcoya
buruki,buruquia
burdinola,burdinola
burlagile,burlaguillea
burlati,burlatia
burmun,burmuna
burmun,burmuña
buruki,buruquia
burnigita,burniguita
txuri,churia
galtzerdi,galtzerdiac
uztai,uztayac
burruka,burruca
burrukari,burrucari
burrukari,burrucaria
burruntzali,burruntzalia
burtina,burtina
kordebagetu,cordebaguetu
zorabiatu,zorabiatu
burubide,burubidea
lakatz,lacatzac
buruki,buruquia
burutazino,burutacinoa
burutazino,burutaciñoa
burutaldi,burutaldia
buruzagi,buruzaguiac
bustiro,bustiroa
buiatu,buyatu
buiatu,buyatua
buzkantz,buzcantzá
buzkantz,buzcanzá
buztanikara,buztanicara
buztingile,buztinguillea
buztinola,buztinola
buztinki,buztinquia
buztintsu,buztintsua
kakalardo,cacalardoa
kakategi,cacateguia
kako,cacoa
kako,cacoac
kakoatu,cacoatu
kadartzu,cadartzu
kadartzu,cadartzua
kafe,cafeá
kafeontzi,cafeontzia
erbatz,erbatzá
kaltar,caltar
kaltarraitu,caltarraitu
kaltarraitu,caltarraitua
kaltedun,calteduna
kaltegile,calteguillea
kamio,camio
kanpaetxo,campaechoa
kanpaegile,campaeguillea
kanpaetorre,campaetorrea
kandelagile,candelaguillea
kandelategi,candelateguia
kandu,candua
kandutu,candutu
kandutu,candutua
kanoi,canoyac
kantatxo,cantachoa
goiende,goyendea
zai,zaya
kakeria,caqueria
karabinari,carabinaria
karamarro,caramarroa
karamelo,carameloa
kararri,cararria
karkaba,carcaba
karkaba,carcaba
zai,zaya
zai,zaya
kardari,cardaria
kardatu,cardatu
kardatu,cardatua
goiende,goyendea
karetxa,carecha
karegile,careguillea
kareztatu,careztatu
kareztatu,careztatua
karnaba,carnaba
karobi,carobia
karramintx,carramincha
kartoi,cartoya
kaskabel,cascabelá
kaskamotz,cascamotza
katabu,catabua
kateatu,cateatu
kateatu,cateatua
katilu,catillua
katranbila,catrambilla
katranbilatu,catrambillatu
katuarrai,catuarraya
katutxo,catuchoa
kaudan,caudaná
kaio,cayo
kaio,cayoa
zeagi,ceaguia
zezen,cecenac
zezendari,cecendaria
zezinatu,ceciñatu
zezinatu,ceciñatua
zekorki,cecorquia
likurta,licurta
zelaitu,celaitu
zelaitu,celaitú
zelaitu,celaitua
zenbate,cembate
urreztu,urreztua
zenbate,cembatea
zenbatetu,cembatetu
zenbatetu,cembatetua
zentzundun,centzunduna
zepa,cepa
zepa,cepá
zurkaitz,zurcaitza
zerba,cerbá
arre,arrea
zero,ceroa
zerra,cerra
zerra,cerrá
zerratoki,cerratoquia
zerratu,cerratu
zerratu,cerratua
zerrauts,cerrautsa
zerren,cerrenac
zerrenda,cerrenda
zerrenda,cerrendá
zerrenda,cerrenda
zerrendatu,cerrendatu
zerrendatu,cerrendatua
zerri,cerria
zerri,cerriá
zertegi,certeguia
erara,erara
mende,mendeac
zestera,cestera
zetabatu,cetabatu
txaberama,chaberamá
oratu,oratuac
amorratu,amorratu
txal,chala
txalma,chalmá
txalma,chalmá
txalma,chalmá
txalmagin,chalmaguiña
txalmatu,chalmatú
txalmatu,chalmatua
txalupa,chalupa
txanpon,champon
txanpon,champon
txanpon,champona
txantxagorri,chanchagorria
farragarri,farragarria
txanda,chanda
txanda,chanda
txanel,chanela
txano,chano
jario,jarioa
txano,chanoa
txano,chanoa
txaola,chaola
erantsi,eransia
txara,chara
txaradi,charadia
txarkeria,charqueria
txarrabeta,charrabeta
txarrantxa,charrancha
txarro,charroa
txarrotxo,charrochoa
txartasun,chartasuna
txartel,chartela
txartes,chartes
txartes,chartes
txartes,chartesa
txartes,chartesá
txegosi,chegosia
txepetx,chepecha
txepeltasun,chepeltasuna
txermen,chermena
txerri,cherri
txerri,cherri
txerri,cherri
talde,taldea
txerri,cherria
txertatu,chertatu
txertatu,chertatua
txitxare,chichare
txitxare,chicharea
txiko,chicoa
txigortu,chigortu
txigortu,chigortú
txigortu,chigortua
txilintxa,chilincha
tximinea,chiminea
tximino,chimino
tximista,chimista
tximu,chimua
txingartu,chingartu
txingurri,chingurri
txingurri,chingurri
txingurri,chingurria
txikertu,chiquertu
txikertu,chiquertua
txikitxo,chiquichoa
txikigarri,chiquigarria
txikiratu,chiquiratu
txikiro,chiquiroa
txikitu,chiquitu
txikitu,chiquitua
txirikorda,chiricorda
txirikorda,chiricorda
txirikordatu,chiricordatu
txirikordatu,chiricordatua
lurperatu,lurperatua
txirola,chirola
txirolari,chirolaria
txirripa,chirripá
txirrita,chirrita
txirrita,chirritá
txirrita,chirrita
txiste,chistea
txistulari,chistularia
txit,chit
txit,chit
txit,chit
txit,chit
txit,chit
arautu,arautua
txit,chit
txit,chit
argiro,arguiró
txit,chit
txit,chit
txit,chit
txit,chit
txit,chit
txit,chit
txit,chit
txit,chit
ziertoro,ciertoró
txit,chit
txit,chit
txit,chit
txit,chit
txit,chit
txit,chit
txit,chit
txit,chit
txit,chit
txit,chit
txit,chit
txit,chit
txit,chit
txit,chit
txit,chit
txit,chit
txit,chit
txit,chit
txit,chit
txit,chit
txit,chit
izeki,icequia
txit,chit
txit,chit
txit,chit
txit,chit
txit,chit
txit,chit
txit,chit
txit,chit
txit,chit
txit,chit
ongiro,onguiró
txit,chit
txit,chit
txit,chit
txit,chit
txit,chit
txit,chit
txit,chit
txit,chit
txit,chit
zintzo,cintzoa
dongaro,dongaro
txoarre,choarrea
txotx,chocha
txotx,chocha
txotx,chochac
txoko,chocoa
diru,diruac
txolarte,cholartea
txorakeria,choraqueria
txoratu,choratu
txori,chori
txori,chori
txori,chori
txori,chori
txori,choria
txori,choriac
tontordun,tontorduna
txoriburu,choriburu
txoritxo,chorichoa
txoro,choro
txoro,choroa
jario,jario
txorten,chortena
txorten,chortena
txukun,chucuna
txukun,chucuná
txukundu,chucundua
txukunkeria,chucunqueria
txukunkiro,chucunquiro
txupatu,chupatu
txupatu,chupatua
txuri,churia
txuri,churia
txuriketa,churiqueta
txuritasun,churitasuna
txuritu,churitu
ziazerba,ciacerba
ziamartu,ciamartu
ziamartu,ciamartua
zibota,cibota
zizelatu,cicelatu
zizelatu,cicelatua
zizeilu,cicellua
zikoitz,cicoitza
zikoizkeria,cicoizqueria
ziega,ciegá
ziertoro,ciertoro
zigorkada,cigorcada
zilibokari,cilibocaria
zilibokatu,cilibocatu
zilibokatu,cilibocatua
zepa,cepá
bordoi,bordoyac
zimaurtu,cimaurtu
zimaurtu,cimaurtú
zimaurtu,cimaurtua
zimel,cimel
zimel,cimelá
lezoi,lezoya
zimikatu,cimicatu
zimiko,cimico
zimiko,cimicoa
zintzilika,cincilica
zintzilika,cincilica
zintzilika,cincilica
zintzilika,cincilica
zingila,cinguilla
zingilatu,cinguillatu
zingilatu,cinguillatua
zingira,cinguira
zingira,cinguirá
zingiradi,cinguiradia
zintzatu,cintzatu
zintzo,cintzó
zintzo,cintzo
zintzo,cintzoa
zintzoki,cintzoqui
zintzoro,cintzoró
zintzotasun,cintzotasuna
zintzotu,cintzotu
zintzotu,cintzotua
zipotz,cipotza
bildu,bilduac
zikindu,ciquindu
zikindu,ciquindua
zikinkeria,ciquinqueria
zikirio,ciquirioa
zirtzilu,circillua
zirtzilu,circilluac
zirtzilu,circiluac
ziri,ciriac
ziri,ciriac
zirikatu,ciricatu
zirikatu,ciricatú
zirikatu,ciricatua
ziriku,ciricua
zirraida,cirraida
zirritu,cirritua
zirritu,cirrituac
magi,maguia
zitalkiro,citalquiro
zitara,citara
ziztatu,ciztatu
ziztatu,ciztatua
idisko,idiscoa
kokorika,cócorica
koipatu,coipatua
koipe,coipea
koipetsu,coipetsua
koipeztatu,coipeztatu
koitadu,coitadu
koitadu,coitadua
muturreko,muturrecoa
kolka,colca
kolpeatu,colpeatu
kolpetxo,colpechoa
konpontzaile,compontzallea
komutatu,comutatu
komutatu,comutatua
kondaira,condairá
kondairagile,condairaguillea
kondairale,condairalea
kondar,condar
goiende,goyendea
kontatzaile,contatzallea
kontrabandista,contrabandista
kontrabando,contrabandoa
kontradantza,contradanza
kontraesan,contraesan
kontraesan,contraesana
kontramaisu,contramaisua
kontrapozoi,contrapozoia
kontukintza,contuquintza
kontz,contza
kontz,contzá
eze,eceac
korbata,corbata
kortxo,corchoa
kordebagetu,cordebaguetu
kordebagetu,cordebaguetua
korporal,corporalac
korrika,corrica
korrika,corrica
kosko,coscoa
kosna,cosná
kosna,cosna
kostoma,costoma
kostoma,costomá
kutxatxo,cuchacho
kutxazai,cuchazaya
erantsi,eransi
kuia,cuiá
ondu,onduac
kulpadun,culpaduna
kupidatu,cupidatu
kupidatu,cupidatu
kupidatu,cupidatua
kupitu,cupitu
kupitu,cupitua
kurpil,curpilla
kurrika,currica
kurrika,currica
kurrunka,currunca
kurrunkari,curruncaria
kutun,cutuná
kuturtu,cuturtua
damatxo,damachoa
damandre,damandrea
damasko,damascoa
danba,damba
danbadako,dambadacoa
danbatako,dambatacoa
danbolin,damboliña
danbolindari,dambolindaria
damorri,damorria
dardara,dardará
dardaratu,dardaratu
zomorro,zomorroa
deabru,deabruac
deabrudun,deabruduna
deadarkari,deadarcaria
dei,déiac
dei,deiac
deigarri,deigarria
dendatu,dendatu
dendatu,dendatua
dendoste,dendostea
desagertu,desaguertu
desalaitu,desalaitu
desalaitu,desalaitua
desanparatu,desamparatu
desberdindu,desberdindu
desegoki,desegoquia
deserri,deserria
deserritu,deserritu
deserritu,deserritua
deserrotu,deserrotu
desestali,desestali
desestali,desestalia
desitsatsi,desitsatsi
deslai,deslai
deslai,deslai
deslai,deslai
deslaitu,deslaitu
deslaitu,deslaitua
deslai,deslaya
desleialtasun,desleyaltasuna
desloratu,desloratu
deslotu,deslotu
desneke,desnequea
desobeditu,desobeditu
desordu,desordua
deboto,devotoa
diabetatu,diabetatu
dianagusi,dianagusi
dianagusi,dianagusia
diatu,diatu
diatu,diatua
dierri,dierria
dina,diña
dina,diña
dindirri,dindirria
diosal,diosala
diosal,diosala
diosal,diosalac
diru,diruac
diru,diruac
diru,diruac
dirualdi,dirualdia
disidu,disidú
distiatzaile,distiatzallea
erara,erara
doan,doan
doarik,doaric
donekidatu,donequidatu
donekidatu,donequidatua
donestatu,donestatu
donestatu,donestatua
donestu,donestu
donestu,donestua
doneti,donetia
dongaro,dongaro
dongaro,dongaró
dongaro,dongaro
dongetasun,donguetasuna
dongetu,donguetu
donkitu,donquitua
goiende,goyendea
duende,duendea
dultze,dulceac
dunbots,dumbotsa
dunduriatu,dunduriatu
dunduriatu,dunduriatua
durundi,durundia
barruti,barrutia
ekatx,ecachac
ekadoi,ecadoya
ekaitz,ecaitzac
ekantza,ecantzá
ekantza,ecanza
ekantza,ecanzá
ekarrai,ecarrai
ekarrai,ecarrai
ekarrai,ecarraia
ekarrai,ecarraia
ekarrai,ecarraya
ekauta,ecauta
ekautu,ecautu
ekautu,ecautua
urtsu,urtsua
ezerezkeria,ecerezqueria
ezereztu,ecereztu
ezereztu,ecereztú
ezereztu,ecereztua
barrunbe,barrumbea
artze,artzea
etxadi,echadia
etxajaun,echajauna
etxalde,echaldea
etxandre,echandrea
etxape,echapea
etxakintza,echaquintza
etxatu,echatuac
ezizen,ecicena
edaski,edasqui
edergailu,edergailluac
erantsi,eransia
arrotz,arrotzac
edergarri,edergarriac
txit,chit
erara,erara
estutu,estutu
katilu,catilluá
zagi,zaguiac
edolarik,edolaric
edontzi,edonci
edontzi,edoncia
edontzi,edontzi
edoskaldi,edoscaldia
egaadun,egaaduna
egaari,egaaria
egarri,egarriac
zardai,zardaya
luze,luceac
egoera,egoera
egokiez,egoquieza
egokinde,egoquindea
egokiro,egoquiro
egokiro,egoquiró
egorle,egorlea
egosaldi,egosaldia
egosaldi,egosaldia
eguantz,eguanza
eguantz,eguanza
eguberri,eguberriac
egiaztatu,eguiaztatu
egikaritu,eguicaritu
egikaritu,eguicaritua
egiera,eguiera
egiteko,eguitecoac
egitura,eguitura
egunari,egunaria
egundu,egundu
egurastu,egurastu
egurastu,egurastú
egurastu,egurastua
egurgile,egurguillea
egurkin,egurquiña
eguzkitu,eguzquitu
eguzkitu,eguzquitua
zakur,zacur
elai,elaya
elbarri,elbarri
elbarri,elbarri
elbarri,elbarria
elbarri,elbarria
elbarritu,elbarritua
elbarritasun,elbarritasuna
elbarritu,elbarritu
elbarritu,elbarritua
ezkutitz,ezcutitzac
jaiera,jayera
elkargo,elcargoa
elkargo,elcargoá
elkargo,elcargoac
elkargo,elcargoac
elkarkide,elcarquidea
elkarte,elcartea
eltxo,elchoa
elder,eldera
jario,jario
eldubage,eldubaguea
eleizako,eleizacoac
elizai,elizaya
eltasun,eltasuna
eltzegile,eltzeguillea
eltzekin,eltzequiña
erara,erara
emakumetu,emacumetu
emakumetu,emacumetua
zai,zaya
ematoro,ematoroa
enaseria,enaseria
entregatu,entregatu
enura,enurá
epaiketa,epaiqueta
epaitu,epaitu
epaitu,epaitua
epakera,epaquera
ekida,equida
ekidatu,equidatu
ekidatu,equidatua
baiezko,bayezcoa
era,era
era,era
era,era
era,era
era,era
era,era
era,era
era,eraa
ondasun,ondasunac
erabage,erabagué
erabage,erabaguea
erabagetu,erabaguetua
erabaki,erabaqui
erabaki,erabaqui
erabaki,erabaquia
erabide,erabidea
erakaitz,eracaitza
erakaitz,eracaitzá
erakai,eracaya
eratxi,erachi
eradoski,eradosqui
eradoski,eradosquia
erago,eragoac
eragozketa,eragozqueta
eragozketa,eragozqueta
eragozketa,eragozqueta
eragozle,eragozlea
bigarren,bigarrenac
eraldatu,eraldatu
eraldatu,eraldatua
eraldi,eraldia
eralki,eralqui
erantsi,eransi
erantsi,eransia
erantsi,eransiá
erantzuera,eranzuera
erakida,eraquida
erakidatu,eraquidatu
erakidatu,eraquidatua
erakide,eraquide
erakide,eraquidea
erara,erara
erara,erara
erara,erara
erasan,erasan
era,era
erasotzaile,erasotzallea
eraskin,erasquiñac
erausi,erausi
erausi,erausia
erausi,erausiac
erausle,erauslea
eraz,eraz
eraz,éraz
erbaltasun,erbaltasunac
erbatz,erbatza
erbeste,erbeste
erbeste,erbestea
erbestetu,erbestetu
erbestetu,erbestetua
erbikume,erbicumea
erbinude,erbiñudea
dardara,dardara
somin,somiñac
erdiesle,erdieslea
ereintzale,ereintzalea
eripetu,eripetu
eripetu,eripetua
eritasun,eritasunac
eritegi,eriteguia
erizain,erizaina
erlabio,erlabioa
erlasdura,erlasdurá
misto,mistoa
erlezai,erlezaia
erlezain,erlezaina
ernegatu,ernegatu
eroakizun,eroaquizuna
eronde,erondea
erosketa,erosqueta
erosta,erosta
erpindu,erpindu
erpindu,erpindua
erpuru,erpurua
erkindu,erquindu
erkindu,erquindua
erkitu,erquitu
erkitu,erquitua
errakai,erracai
errakai,erracai
errakai,erracaya
erragosi,erragosi
erragosi,erragosia
erraldatu,erraldatu
erranditsu,erranditsua
erraki,erraquia
errakin,erraquiña
errari,errariac
erratilu,erratillua
erratz,erratza
erratz,erratzá
erratz,erratzac
erratzatu,erratzatu
erratzatu,erratzatua
errauli,erraulia
erraustegi,errausteguia
errazkiro,errazquiro
errebelatu,errebelatu
errebelatu,errebelatua
errebota,errebota
errebote,errebotea
errekatxo,errecachoa
errezel,errecela
errezelo,erreceloa
errezeta,erreceta
errefautxo,errefauchoa
erregalotxo,erregalochoa
erregatu,erregatua
erara,erara
zai,zaya
bilguma,bilguma
erreinaldi,erreinaldia
erremate,errematea
errementari,errementaria
errentari,errentaria
errepublika,errepublica
erresa,erresa
erres,erresac
erresistitu,erresistitu
erresomindu,erresomindu
errespetotsu,errespetotsua
errestatu,errestatua
erretablo,erretabloa
erretrato,erretratoa
errezo,errezoa
erantsi,eransi
erro,erróac
errozerba,errocerba
erroitz,erroitza
amiltza,amiltza
erroiztu,erroiztu
erroiztu,erroiztua
errosel,errosela
errotazai,errotazaya
erru,errua
erru,erruá
erru,errua
errudun,errudun
errudun,erruduna
errukitsu,erruquitsua
errukitu,erruquitu
errukitu,erruquitua
errutsu,errutsua
erruz,erruz
erruz,errúz
eskabetxatu,escabechatu
eskabetxatu,escabechatua
eskala,escalá
eskale,escaleac
eskani,escañi
eskani,escañia
eskapulario,escapularioa
eskarola,escarola
eskatzaile,escatzalleac
goiende,goyendea
eskopeta,escopeta
eskopeta,escopeta
eskoplo,escoploa
esku,escuac
esku,escuac
esku,escuac
eskuadra,escuadra
eskuadroi,escuadroya
eskukatu,escucatu
eskudatu,escudatu
eskudatu,escudatua
eskudatzaile,escudatzallea
eskumakila,escumaquilla
eskumun,escumuñac
eskuzorro,escuzorroa
esegi,esegui
eseki,esequi
eseki,esequia
eseki,esequia
txigortu,chigortua
esonde,esondea
espa,espá
espartin,espartina
espartingile,espartinguillea
espartzu,esparzu
espartzu,esparzua
eskergero,esquerguero
eskergero,esquergueró
eskerti,esquertia
eskertsu,esquertsua
eskilaso,esquilasoa
apuko,apucoa
estalgetu,estalguetu
estalgile,estalguillea
estalpe,estalpea
estandarte,estandarte
estandarte,estandartea
estaki,estaqui
estaki,estaquia
estaki,estaquiac
estera,estera
estiba,estiba
estibatu,estibatu
estibatu,estibatua
estimagarri,estimagarria
adarkada,adarcada
estomago,estomagoa
estrata,estrata
estuerazo,estuerazo
estugarri,estugarriac
estutasun,estutasuna
estutasun,estutasúna
estutu,estutu
estutu,estutua
estutu,estutua
magurio,magurioac
artze,artzea
etartu,etartu
etartu,etartua
etorkizun,etorquizunac
etorkizun,etorquizunac
ondoko,ondocoac
etoi,etoya
zai,zaya
euli,euliac
eultza,eultza
eultza,eultza
likurtatu,licurtatua
bisuts,bisutsa
jasa,jasá
euritsu,euritsua
euskaldun,euscaldunac
euskaritxo,euscarichoa
euskarri,euscarria
eusle,euslea
eutegi,euteguia
eiaka,eyaca
txit,chit
arre,arrea
ezabizi,ezabicia
ezade,ezadea
ezagutezin,ezaguteciña
ezaindu,ezaindua
ezkailu,ezcallu
ezkatadun,ezcataduna
ezkai,ezcaya
moldakaitz,moldacaitza
ezkurdi,ezcurdia
ezkurdui,ezcurduia
ezkurdun,ezcurduna
ezkurdui,ezcurduya
ezkutape,ezcutapea
ezkutarma,ezcutarma
ezkutarma,ezcutarmá
kirten,quirtena
ezpatagile,ezpataguillea
ezpatakin,ezpataquiña
ezpatatu,ezpatatu
ezproi,ezproya
ezki,ezquiá
ezkilatxo,ezquillachoa
aldi,aldiac
eztitu,eztitu
eztitu,eztitua
eztulka,eztulca
sendagai,sendagai
fal,falac
faro,faroac
farragarri,farragarria
dina,diña
fedebagetu,fedebaguetu
felpa,felpa
fidakaiztu,fidacaiztu
fidakaiztu,fidacaiztua
fineza,finezá
firma,firmá
forru,forrua
forru,forrua
erantsi,eransi
forru,forrua
erantsi,eransia
frak,fracac
arraia,arraya
frasko,frascoa
aldi,aldiac
gabiko,gabicoac
gatx,gachac
gazitxo,gacichoa
gaintxuritu,gainchuritua
gaiso,gaiso
gaiso,gaisoa
gaixotasun,gaisyotasunac
gaitzbide,gaitzbidea
gaitzegoki,gaitzegoquia
gaitzesgarri,gaitzesgarria
gaitzetsigarri,gaitzetsigarria
gaitzirizte,gaitziriztea
gaitzurre,gaitzurrea
gaizkiagotu,gaizquiagotu
gaizkin,gaizquiñac
gaizkin,gaizquiñac
gaizkin,gaizquiñac
menpetu,mempetua
gaizkindu,gaizquindu
gaizkindu,gaizquindú
gaizkindu,gaizquindua
gaiztakin,gaiztaquiña
gaiztotasun,gaiztotasuna
gaiztratatu,gaiztratatu
gaiztratatu,gaiztratatua
galaikiro,galaiquiro
galantu,galantu
galantu,galantú
galantu,galantua
galai,galaya
orratz,orratzac
galtxuri,galchuria
galtxuri,galchuriac
galdaratxo,galdarachoa
galdatu,galdatu
galdatu,galdatua
galduan,galduan
galera,galerá
galmen,galmenac
galondo,galondoa
galkidatu,galquidatu
galkidatu,galquidatua
galtzerdi,galtzerdiac
ganbela,gambelá
ganbusi,gambusi
ganbusi,gambusia
gamelu,gamelua
gameluzai,gameluzaya
likurta,licurtá
gandortu,gandortu
gandortu,gandortua
gar,garac
burusi,burusia
garaile,garailea
garaipen,garaipena
garaitezin,garaiteciña
gararno,gararnoa
gararnogile,gararnoguillea
gararnotegi,gararnoteguia
garau,garaua
garau,garauac
garautxo,garauchoa
garautegi,garauteguia
garautu,garautua
garbiketa,garbiqueta
garbitoki,garbitoquia
garbo,garbo
garestia,garestia
garestitu,garestitu
garestitu,garestitua
gargara,gargara
txuri,churia
gari,gariac
gari,gariac
gari,gariac
pilatu,pillatú
gari,gariac
zai,zaya
zai,zaya
garlopatu,garlopatu
garlopatu,garlopatua
garrazkiro,garrazquiro
garrazkiro,garrazquiró
garraztu,garraztu
garraztu,garraztú
garraztu,garraztua
gartza,gartzá
gatzaga,gatzaga
gatzu,gatzu
txit,chit
gautxori,gauchori
gautxori,gauchori
sorgin,sorguiñac
jabe,jabeac
gabiatxo,gaviachoa
gabiazai,gaviazaya
gabieta,gavieta
gazeta,gazeta
gaztagin,gaztaguiña
gaztanbera,gaztambera
era,era
erara,erara
erara,erara
zai,zaya
gazteluzai,gazteluzaya
gaztekeria,gaztequeria
gaztetu,gaztetu
gaztetu,gaztetua
gaztun,gaztuna
gazur,gazurá
gazuratu,gazuratu
gazuratu,gazuratú
gazuratu,gazuratua
jela,gelá
jendedi,gendedia
jendedi,gendedia
jendedi,gendediac
jendetze,gendetzeac
jira,gira
jiraka,giraca
jiraka,giraca
jiraka,giraca
goarpe,goarpea
gobada,gobada
gobada,gobadá
gobada,gobada
gogaikarri,gogaicarria
gogaitarazi,gogaitaraci
gogaitarazi,gogaitaraci
gogaiterazo,gogaiterazo
gogoangarri,gogoangarria
gogorkiro,gogorquiro
gogorkiro,gogorquiró
gogorkiro,gogorquiro
txit,chit
goiende,goiendea
goldari,goldaria
goldatu,goldatu
goldeatu,goldeatu
gonazpiko,gonazpicoa
goragale,goragaleac
goraintzi,gorainciac
gordari,gordaria
gordategi,gordateguia
gordatzaile,gordatzallea
gorni,gornia
goroztegi,gorozteguia
gorpuzdun,gorpuzduna
gorpuztun,gorpuztuna
gorrarazi,gorraraci
gorrerazo,gorrerazo
gorrina,gorrina
gorrina,gorriná
gorrindu,gorrindu
gorrindu,gorrindú
gorro,gorroa
gorro,gorroa
maneatu,maneatu
gose,goseac
goiartu,goyartu
goiende,goyende
goiende,goyendea
gozatzaile,gozatzallea
gozo,gozoac
guaiako,guayacoa
gubia,gubia
gutxitasun,guchitasuna
era,era
guzialdun,gucialduna
bufoi,bufoya
erausi,eráusiac
guda,guda
guda,gudá
gudari,gudaria
aurren,aurrena
gudatu,gudatu
gudatu,gudatua
gudontzi,gudonci
gelbera,guelberá
gelkaitz,guelcaitza
gelditxo,gueldicho
geldiera,gueldiera
geldo,gueldoa
geraldi,gueraldi
geraldi,gueraldia
geraldi,gueraldia
geroko,guerocoac
gerrari,guerrariac
bilguma,bilguma
gerrazale,guerrazalea
gertaera,guertaera
gertuera,guertuera
gezurtxo,guezurchoa
gitxitxo,guichicho
gitxitu,guichitu
gitxitu,guichitua
goiende,goyendea
anpulu,ampuluac
girlanda,guirlandá
giro,guiroa
giro,guiroá
gisatu,guisatua
zenbate,cembatea
gizadi,guizadia
men,mena
guraize,guraiceac
guraso,gurasoac
gurata,gurata
zai,zaya
gurdi,gurdiac
gurdibide,gurdibidea
gurdigile,gurdiguillea
gurpil,gurpilla
gurte,gurtea
jarri,jarriac
harmonia,harmonia
hilduratu,hilduratu
hireganatu,hireganatu
hiretu,hiretu
hisialdi,hisialdia
hitz,hitzac
hitzaldi,hitzaldia
hitzaldi,hitzaldia
hitzaldi,hitzaldia
hitzaldi,hitzaldia
hitzaldiatu,hitzaldiatua
hitzaurre,hitzaurrea
jostailu,jostallua
hitzontzi,hitzontzi
hitzontzi,hitzontzia
hitzontzikeria,hitzontziqueria
jario,jarioa
hiztxo,hizchoa
hizkunde,hizcundea
artze,artzea
ibaitxo,ibaichoa
ibaizaldi,ibaizaldia
ibilera,ibillera
ibilera,ibillera
ibilizale,ibillizalea
ibiltari,ibiltari
ibiltari,ibiltaria
ibiltegi,ibilteguia
bide,bideac
ibiki,ibiquia
ibiki,ibiquiac
iboil,iboilla
ikaragarriro,icaragarriro
ikaragarriro,icaragarriró
ikarati,icaratia
ikasarazi,icasaraci
ikasarazi,icasaracia
ikaserazo,icaserazo
ikasle,icasleac
ikasola,icasola
ikasola,icasolá
ikazkin,icazquiña
ikazkintza,icazquintza
izenbage,icembaguea
izen,icenac
jostailu,jostallua
izengoiti,icengoitiac
erantsi,eransi
izeki,icequi
izeki,icequi
izeki,icequia
izerkari,icercaria
itxeden,icheden
itxiera,ichiera
ikusezin,icuseciña
ikuskera,icusquera
ikusketa,icusqueta
ikustaldi,icustaldia
ikustamen,icustamena
ikustatu,icustatu
ikustatu,icustatua
ikustoki,icustoquia
idiaketz,idiaquetz
idisko,idiscoa
idorberi,idorberia
zai,zaya
iduri,iduri
iduri,iduria
iganbide,igambidea
igara,igará
igaraba,igarabá
igoera,igoera
igoera,igoéra
igortzi,igortzi
igortzi,igortzia
igortzi,igortziac
igeltxo,iguelchoa
igerle,iguerlea
igerle,iguerleac
igermen,iguermena
igitaitu,iguitaitu
igitari,iguitaria
igitai,iguitaya
igurikarazi,iguricaraci
ihakin,ihaquin
ihakin,ihaquina
ihakingile,ihaquinguillea
ilberri,ilberria
ilbete,ilbetea
ildaskatu,ildascatu
ilgora,ilgorá
ilargi,illárguiac
ilaun,illaunac
jario,jarioa
atzapartu,atzapartua
iletxo,illechoa
atzaparkada,atzaparcada
progu,progua
iltzatu,iltzatu
iltzatu,iltzatua
iltzatu,iltzatu
iltzegile,iltzeguillea
inaurkin,iñaurquina
inautsi,iñautsi
inautsi,iñautsia
intxaur,inchaur
indargetu,indarguetu
indarti,indartia
indartu,indartu
indartu,indartua
inguru,inguruac
intentzio,intencioa
ipuin,ipuiña
ipuintari,ipuintaria
irabiatu,irabiatu
irabazle,irabazlea
irabazkida,irabazquida
irabazkidatu,irabazquidatua
irabia,irabia
irabiatu,irabiatu
irabiatu,irabiatua
irakurgarri,iracurgarria
irakurtza,iracurtza
irakurtza,iracurtza
iragazi,iragaci
iragazi,iragacia
irain,iraina
irain,irainá
iraindu,iraindu
iraindu,iraindua
iraingarri,iraingarria
iraulketa,iraulqueta
iraungile,iraunguillea
irazkai,irazcaya
irazkai,irazcayac
irozerazo,irozerazo
irozerazo,irozerazoa
irozgarri,irozgarria
irozgarri,irozgarriac
irozo,irozo
irozo,irozó
irozo,irozoa
irozo,irozoá
irriatu,irriatu
irriatu,irriatua
irrintzi,irrincia
irrista,irrista
irristaka,irristaca
irristatu,irristatu
irteera,irteera
irteera,irteera
irudipen,irudipena
irudipen,irudipenac
farragarri,farragarria
iruditegi,iruditeguia
irule,irulea
irunaldi,iruñaldia
isats,isats
isats,isatsa
isats,isatsá
isats,isatsac
iskanbila,iscambilla
iseka,iseca
iseka,isecá
iseka,iseca
isekari,isecaria
isekatu,isecatu
isekatu,isecatua
isil,isil
isildu,isildu
isildu,isildua
isil,isillá
isilmandatu,isilmandatu
isilmandatu,isilmandatuac
isiltasun,isiltasuna
istinga,istingá
kuturtu,cuturtu
itaitu,itaitu
itegi,iteguia
itogarri,itogarria
itoiti,itoitia
talde,taldea
txoko,chocoa
joaira,joaira
itsaslapurreta,itsaslapurreta
itsatsi,itsatsi
itsatsi,itsatsi
itsatsi,itsatsia
itsuka,itsuca
itsumustuka,itsumustuca
itsumutil,itsumutila
itsumutil,itsumutilla
iturritxo,iturrichoa
iturrigile,iturriguillea
iturrikintza,iturriquintza
itzantza,itzantza
itzai,itzaya
izain,izaina
izaira,izaira
geldi,gueldiac
izaratxo,izarachoa
egun,egunac
izartxo,izarchoa
zazpiki,zazpiquia
izoki,izoquia
izkina,izquiña
otailutu,otallutu
otailutu,otallutua
izu,izua
izurritu,izurritu
izurritu,izurritua
izutu,izutu
izutu,izutú
izutu,izutua
izutu,izutuá
jaiera,jaiera
txori,choria
jainkoti,jaincotia
jalki,jalqui
janaritegi,janariteguia
janaritu,janaritu
janaritu,janaritua
luze,luceac
jakinbide,jaquinbidea
jakinez,jaquinéz
jakinez,jaquiñeza
jakintza,jaquintza
jario,jario
jario,jarioa
jarraile,jarraileac
jarraitzaile,jarraitzallea
jarrai,jarrayac
jartoki,jartoqui
jasa,jasá
jataldi,jataldia
jatorri,jatorri
jatorri,jatorria
jatzi,jatzi
jatzi,jatzia
jauntxo,jaunchoa
jausbetitu,jausbetitu
jausbetitu,jausbetitua
jauspen,jauspena
jaiera,jayera
jaiera,jayerá
jazo,jazo
jetzi,jetzi
jetzi,jetzia
joaira,joaira
jokada,jocada
jokotria,jocotria
gordategi,gordateguia
jolastu,jolastu
jolastu,jolastua
jomuga,jomugá
jorra,jorra
jorrail,jorrailla
jorrari,jorraria
jorratu,jorratu
jorratu,jorratua
jorratzaile,jorratzallea
josketa,josqueta
jostailu,jostallu
farragarri,farragarria
jostailu,jostallua
jostaketa,jostaqueta
jostun,jostuná
gordari,gordaria
etxadi,echadia
labain,labaiña
labainketa,labainqueta
labaintegi,labainteguia
labana,labana
labana,labaña
laburketa,laburqueta
laburkiro,laburquiro
lakari,lacari
lakari,lacaria
lagunkida,lagunquida
lagunkidatu,lagunquidatu
lagunkidatu,lagunquidatua
laguntari,laguntaria
laidotu,laidotu
laidotu,laidotua
iragazi,iragaci
iragazi,iragacia
lanperna,lamperna
lanabes,lanabesac
lan,lanac
lanaldi,lanaldia
lanari,lanaria
lankai,lancaya
landaretxo,landarechoa
landatzaile,landatzallea
landertu,landertú
landertu,landertua
landubage,landubaguea
langa,langá
lantegi,lanteguia
lantu,lantuá
lapaz,lapaza
lapikogin,lapicoguiña
lapurreria,lapurreria
lapurreta,lapurreta
lapurtegi,lapurteguia
larrantz,larrantza
larrantz,larranza
larrantz,larranza
larreratu,larreratu
estutasun,estutasuna
larru,larruac
larru,larruac
lasai,lasai
lasai,lasai
lasai,lasai
lasai,lasaia
lasaigarri,lasaigarri
lasaitasun,lasaitasuna
lasaitu,lasaitu
lasaitu,lasaitua
lasai,lasaya
lastategi,lastateguia
lasterki,lasterqui
lats,latsá
laurdendu,laurdendu
laurdendu,laurdendua
lauso,lausoa
lauspeatu,lauspeatu
lautu,lautú
lautu,lautú
lautu,lautua
lautu,lautuá
laiari,layaria
laiatu,layatu
laiatu,layatua
txit,chit
epe,epeac
lekotz,lecotza
lege,legueac
legen,leguen
legen,leguena
legen,leguená
legenartsu,leguenartsua
indargetu,indarguetú
leize,leicea
lemari,lemaria
lemazain,lemazaina
era,era
barruti,barrutia
gogarte,gogartea
lenengo,lenengoa
lepande,lepandea
lepazaki,lepazaquia
lepitxuli,lepichulia
lerdatu,lerdatu
lerratoki,lerratoquia
letarta,letartá
leunkiro,leunquiro
leuntzaile,leuntzallea
leialkiro,leyalquiro
lezoi,lezoyac
librugile,libruguillea
libruzai,libruzaya
liburugile,liburuguillea
liburutegi,liburutegui
zai,zaya
liburutegi,liburuteguia
likabra,licabra
txuri,churi
sugai,sugaya
likatsu,licatsua
likatu,licatua
likurta,licurta
likurta,licurta
likurta,licurta
likurta,licurta
likurta,licurta
likurtatu,licurtatu
likurtatu,licurtatua
likurtatu,licurtatua
lili,liliac
lilipa,lilipa
limosnagile,limosnaguillea
limuri,limuria
limuritu,limuritu
limurtu,limurtu
linai,liñai
linai,liñaya
lintzura,linzura
liraintasun,liraintasuna
lisiba,lisiba
lisiba,lisibá
lisiba,lisiba
lisiba,lisiva
lista,lista
lista,listá
listari,listari
listari,listaria
lizardi,lizardia
lo,loac
lokabe,locabea
lokabetu,locabetu
lokabetu,locabetua
lokabetzaile,locabetzallea
irabiatu,irabiatu
irabiatu,irabiatua
lokarri,locarriac
lokarri,locarriac
lokatza,locatza
lokatza,locatza
lokaztegi,locazteguia
lokaztu,locaztu
lokaztu,locaztua
loditasun,loditasuna
logale,logaleac
logura,logura
loguratu,loguratua
loratxo,lorachoa
loratsu,loratsua
loretxo,lorecho
loro,loro
loro,loro
loro,loro
loro,loro
loro,loroa
lorontzi,loroncia
lorontzi,lorontzia
losentxa,losencha
losentxa,losencha
lotazil,lotacilla
loteki,lotequia
lotoskari,lotoscaria
lotoskinde,lotosquindea
lotots,lototsa
lotots,lototsac
lotsabagekeria,lotsabaguequeria
lotsabagetasun,lotsabaguetasuna
lotsabagetu,lotsabaguetu
lotsagarri,lotsagarria
lotsagarriro,lotsagarriro
lotsati,lotsatia
lubaki,lubaquia
luberri,luberria
lumabage,lumabaguea
lumatxo,lumachoa
lumadi,lumadia
lumatsu,lumatsua
lumera,lumerá
lupetza,lupetza
lupu,lupu
lupu,lupu
lupu,lupua
lurperatu,lurperatu
lurpetu,lurpetu
lurpetu,lurpetua
lantu,lantu
muturkatu,muturcatu
maneatu,maneatu
mugatu,mugatu
lurrikara,lurricara
lurrin,lurrina
lurrin,lurrina
artze,artzea
lurrinkai,lurrincaya
lurrunkai,lurruncaya
lurruspe,lurruspea
lusuil,lusuilla
lusuil,lusulla
luzaera,luzaera
luzoker,luzoquer
makaldu,macaldú
makaldu,macaldua
makartsu,macartsua
makatz,macatza
matxitxalto,machichaltoa
matxitxukalde,machichucalde
matxisalto,machisalto
makurrera,macurrera
landatu,landatuac
txertatu,chertatua
madarikazio,madaricacioa
mafrundi,mafrundia
magal,magalac
magal,magalac
magal,magalac
magal,magalac
magurio,magurioa
maindire,maindirea
maira,maira
barruti,barrutia
maisukeria,maisuqueria
maisukiro,maisuquiro
maitakiro,maitaquiro
maitati,maitatia
maitatsu,maitatsua
maitekiro,maitequiró
maiztxo,maizcho
mailatu,mallatu
mailatu,mallatua
mailukada,mallucada
mailukari,mallucaria
malmetitu,malmetitu
malmetitu,malmetitú
maltsotasun,malsotasuna
maltsotu,malsotu
maltsotu,malsotua
mamitsu,mamitsua
mankatu,mancatu
mandiota,mandiota
maneatu,maneatu
maneatu,maneatú
maneatu,maneatua
maneatzaile,maneatzallea
maneatzaile,maneatzalleá
mantal,mantala
maki,maquia
makilada,maquillada
makilari,maquillaria
makilatu,maquillatu
makilatu,maquillatua
marboil,marboilla
mardo,mardoa
marisa,marisa
goiende,goyendea
marixa,marisya
marmariza,marmarizá
barruti,barrutia
marranga,marrangá
marrega,marrega
masail,masalla
masaileko,masallecoa
maskal,mascala
maskaldu,mascaldu
maskordun,mascordun
maskuri,mascuria
maskelu,masquelua
mastrikatu,mastricatu
mastrikatu,mastricatua
masusta,masusta
masusta,masusta
mataza,mataza
matazatu,matazatua
beltx,belchac
txuri,churiac
eldubage,eldubagueac
mats,matsac
erori,eroriac
matutia,matutia
mau,mauac
maukari,maucaria
maukera,mauquera
mausa,mausa
meatzari,meatzaria
megope,megopea
memento,mementoac
menperatu,memperatu
menpetu,mempetu
menpetu,mempetua
men,men
men,mena
menasta,menasta
mendarte,mendartea
mendeko,mendecoa
mendi,mendiac
mendi,mendiac
menditxo,mendichoa
menditsu,menditsua
mentu,mentu
mentu,mentuá
mermelada,mermeladá
merketxo,merquechoa
metaka,métaca
metatxo,metachoa
metarri,metarria
metatzaile,metatzallea
mezulari,mezularia
zain,zainac
mielka,mielcá
miliskatu,milliscatu
miliskatu,milliscatu
miliskatu,milliscatua
mineta,minetá
miragarriro,miragarriro
mirari,miraria
miraritsu,miraritsua
miresle,mireslea
mirotz,mirotza
miruska,mirusca
misio,missioa
misionista,missionista
misto,mistoa
motxaldi,mochaldia
motxaile,mochallea
mokoka,mococa
mokokada,mococada
mokordo,mocordoa
moldakaitz,moldacaitza
moldakaizkiro,moldacaizquiró
moldaera,moldaera
moldegabe,moldegabea
moldesi,moldesia
moldesi,moldesiá
moldizkira,moldizquira
moldizkiratu,moldizquiratua
moldiztegi,moldizteguia
moltso,molsoa
moltso,molsoá
moltso,molsoac
moltso,moltsoa
jaiera,jayera
montoitu,montoitu
montoitu,montoitua
montoi,montoyac
mordo,mordo
mordo,mordoa
mordotu,mordotu
mordotu,mordotua
moredin,morediná
moretu,moretua
morrontza,morrontza
morroi,morroya
motrailu,motraillua
motrairu,motrairua
muzindu,mucindu
muzindu,mucindua
mugako,mugacoa
mugaldi,mugaldi
mugaldi,mugaldi
mugaldi,mugaldia
mugape,mugapea
mugarri,mugarriac
mugarri,mugarriac
mugarri,mugarriac
mugatu,mugatu
mugatu,mugatua
mugon,mugoná
mugidaldatu,muguidaldatu
mugidaldatu,muguidaldatua
mugikidatu,muguiquidatu
mugikidatu,muguiquidatua
alde,aldeac
mende,mendeac
muno,munoa
jario,jario
murgildu,murguildu
murgildu,murguildua
murmur,murmur
murri,murri
murri,murri
murritu,murritu
murritu,murritua
murru,múrruac
murrutu,murrutu
murrutu,murrutua
muskildu,musquildu
muskildu,musquildua
muskil,musquilla
musuka,musuca
musukatu,musucatu
mutiltxo,mutilchoa
mutuarazi,mutuaraci
muturkatu,muturcatua
muturdun,muturduna
bekoskodun,becoscoduna
muturreko,muturrecoa
muxika,muxica
muztiatu,muztiatu
muztiatu,muztiatua
muztio,muztio
muztio,muztioa
nakaiztu,nacaiztu
nakaiztu,nacaiztua
nakan,nacana
naga,naga
naga,nagá
nagatu,nagatu
nagatu,nagatú
nagatu,nagatua
nagikeria,naguiqueria
nagiro,naguiro
nagiro,naguiró
nagusialdi,nagusialdia
nagusitu,nagusitu
adina,adiña
naro,naró
naro,naroa
naro,naroá
naroki,naroqui
naroro,naroro
naroro,naroró
narotasun,narotasuna
narotsu,narotsua
narotu,narotu
narrikatu,narricatu
narrikatu,narricatua
narrio,narrioac
narru,narruac
nasai,nasai
nasai,nasai
nasaigarri,nasaigarria
nasbage,nasbague
nasbage,nasbaguea
naspiltsu,naspilsua
natu,natua
natutu,natutu
nabarri,navarria
nabartu,navartua
nazka,nazca
nazka,nazcá
nazkagarri,nazcagarria
nazkatu,nazcatu
nazkatu,nazcatú
nazkatu,nazcatua
nekaldi,necaldia
nekazari,necazaria
bilguma,bilguma
nekosta,necostá
negargarri,negargarria
negargile,negarguillea
negartsu,negartsua
negartu,negartua
negutegi,neguteguia
negutu,negutu
limuri,limuria
neurkaitz,neurcaitza
ninika,ninica
noaski,noasqui
artze,artzea
begirune,beguirunea
onkai,oncayac
noruntz,norunz
notario,notarioa
goiende,goyendea
obaldi,obaldia
txuri,churia
ozentatu,ocentatu
txigortu,chigortua
odaitsu,odaitsua
odolbage,odolbaguea
odoldu,odoldu
odoleztatu,odoleztatuac
odolgabetu,odolgabetu
odolgiro,odolguiroa
odolti,odoltia
odolustu,odolustu
oguzi,ogucia
zerra,cerra
eztitu,eztitua
kiskaldu,quiscaldua
ogigaztai,oguigaztaya
jole,joléa
oi,oi
oi,oi
bitor,bitor
oinkada,oincada
oinkari,oincaria
oinkatu,oincatua
ojuka,ojuca
ojuka,ojúcá
ojuka,ojuca
ojulari,ojularia
olagara,olagará
olagaratu,olagaratú
olagaratu,olagaratuá
oltxo,olchoa
oles,oles
olibo,oliboa
oliontzi,olionci
oliontzi,olioncia
olibadi,olivadia
olibo,olivoa
oilategi,ollateguia
errotu,errotuac
on,oñac
onkaitu,oncaitu
onkaitu,oncaitua
onkai,oncaya
otsande,otsandea
ontxo,onchoa
zai,zaya
ontzidi,oncidia
ondamu,ondamua
bage,bagueac
ondasun,ondasunac
ondasun,ondasunac
ondasun,ondasunac
ondasundun,ondasunduna
artze,artzea
ondoko,ondocoac
ondoren,ondoren
ondoren,ondorena
ondorengo,ondorengoa
ondorengo,ondorengoac
alogeratu,alogueratu
ongile,onguillea
ongiro,onguiró
ongiro,onguiroa
ongite,onguitea
onik,onic
oniritzi,oniritzi
oniritzi,oniritzia
ontarte,ontartea
ontzaile,ontzallea
zirritu,cirrituac
zai,zaya
oparo,oparó
oparo,oparo
ope,ope
ope,opea
opots,opotsá
okertu,oquertu
okertu,oquertua
okintegi,oquinteguia
oraindio,oraindio
orapilo,orapillo
onkai,oncayac
orbel,orbela
orbel,orbelá
ortxikatu,orchicatu
ordaindu,ordaindu
ordaindu,ordaindua
ordaingarri,ordaingarria
ordendu,ordendu
ordendu,ordendua
ordeztatu,ordeztatu
orein,orein
isil,isilla
orgabide,orgabidea
organista,organista
orgatila,orgatilla
oroikarri,oroicarria
oroipen,oroipena
oroitza,oroitza
oroldio,oroldioa
orpo,orpoac
lasai,lasaya
zapi,zapia
itsatsi,itsatsia
orrazatu,orrazatu
orrazatu,orrazatua
orraztari,orraztaria
orri,orriac
orritxo,orrichoa
orritsu,orritsua
orrolari,orrolaria
orron,orron
orroi,orroy
orroi,orroya
orue,oruea
osagile,osaguillea
maskal,mascal
osasundun,osasunduna
osatzailea,osatzallea
osin,osiná
osin,osiña
ospil,ospillá
ostalari,ostalaria
ostertxuri,osterchuria
ostikada,osticada
ostikokari,osticocaria
ostots,ostotsa
otadi,otadia
otailari,otallaria
otailu,otallu
otailu,otallua
otailugile,otalluguillea
otailutu,otallutu
otailutu,otallutua
otamen,otamena
otarra,otarra
otarratxo,otarrachoa
otarrain,otarrain
otarrain,otarraina
otarraintxo,otarrainchoa
otarrategi,otarrateguia
otarregile,otarreguillea
otoitz,otoitzac
otsande,otsandea
otzan,otzana
otzan,otzaná
otarra,otarra
oi,oyac
gobada,gobada
natu,natua
oialkin,oyalquiña
ozpindu,ozpindu
ozpindu,ozpindú
ozpindu,ozpindua
paziagile,paciaguillea
pagauso,pagauso
pagauso,pagausoa
papeltegi,papelteguia
paper,paperac
paper,paperac
papertxo,paperchoa
papereztu,papereztu
pake,paqueac
paratzaile,paratzallea
parte,parteac
pasaporte,pasaportea
pauso,pauso
pabana,pavana
pegartxo,pegarchoa
peonia,peonia
perrexil,perrexilla
pertsekuzio,persecucioa
pertsegitzaile,perseguitzallea
pertz,pertza
peseta,peseta
pikorta,picorta
pilatu,pillatu
pilatu,pillatua
pilatzaile,pillatzalle
pilatzaile,pillatzallea
pilotakin,pillotaquiña
pipatxo,pipachoa
pipermin,pipermiña
pikeztatu,piqueztatu
pikeztatu,piqueztatua
pisutu,pisutu
pisutu,pisutua
pixegin,pisyeguin
pitzatu,pitzatu
pitzatu,pitzatua
piztarazi,piztaraci
piztia,piztia
plantxa,plancha
lerdatu,lerdatua
platano,platanoa
platertxo,platerchoa
plazatxo,plazachoa
bilgo,bilgoa
pozik,pocic
poliki,poliqui
polikiro,poliquiro
politasun,politasuna
pospolin,pospoliná
erara,érara
poto,potoa
osatzailea,osatzallea
pozaldi,pozaldia
pozkabetu,pozcabetu
pozkabetu,pozcabetua
ojukatu,ojucatua
pozik,pozic
pozoitu,pozoitu
pozoitu,pozoitua
pozoi,pozoya
pozkida,pozquida
pozkida,pozquidá
pozkidatu,pozquidatu
pozkidatu,pozquidatua
pozkiro,pozquiro
poztu,poztu
poztu,poztú
poztu,poztu
poztu,poztua
preziotsu,preciotsua
premiadun,premiaduna
prentsatu,prensatu
prentsatu,prensatua
presaka,presaca
preso,presoac
prestaera,prestaera
prestamen,prestamena
prestuez,prestueza
prestuezkeria,prestuezqueria
proba,proba
prozeso,procesoa
progu,progua
promestu,promestu
pulpitu,pulpitua
puntada,puntada
puntu,puntuac
puntu,puntuac
puntu,puntuac
puskatxo,puscachoa
puskatu,puscatu
puskatu,puscatua
putakume,putacumea
putazale,putazalea
puzker,puzquer
jario,jarioa
puztu,puztu
puztu,puztua
kartoi,quartoya
kealdi,quealdia
keaztatu,queaztatua
kedartsu,quedartsua
keeztu,queeztú
keaztatu,queaztatu
keeztu,queeztuá
keina,queina
keina,queiná
kemendu,quemendu
kemendu,quemendua
kereizpe,quereizpea
kili,quiliá
zalegarri,zalegarria
kilimelatu,quilimelatu
zur,zurac
mandio,mandio
kimatu,quimatu
kintal,quintalá
kio,quioa
kirten,quirtena
kirten,quirtenac
kirtentxo,quirtenchoa
kiskaldu,quiscaldu
kiskaldu,quiscaldua
kisket,quisqueta
kizkurtu,quizcurtu
kizkurtu,quizcurtua
sabai,sabai
joaira,joaira
sabelandi,sabelandi
sabelandi,sabelandia
sabeltxo,sabelchoa
sabelkide,sabelquideac
sabi,sabia
sakatu,sacatua
sagardotegi,sagardoteguia
sail,saillac
sain,saiña
salakera,salaquera
salaketa,salaqueta
salatzaile,salatzallea
saletxe,salechea
salerosi,salerosi
salgaizta,salgaizta
salkindari,salquindaria
saminki,saminqui
saminkiro,saminquiró
sandalia,sandalia
sandalo,sandaloa
santidade,santidadea
santutu,santutu
sapai,sapai
lotots,lototsa
sarbide,sarbidea
sardetxe,sardechea
sare,sareac
sarealdi,sarealdia
saretxo,sarechoa
saregile,sareguillea
sareztatu,sareztatu
sareztatu,sareztatua
sargori,sargoria
sargoritu,sargoritu
sargoritu,sargoritua
sari,sariac
sarrailagile,sarrallaguillea
sarrera,sarrera
sarrera,sarrera
sarritxo,sarricho
sarriro,sarriro
sarritan,sarritan
sarritan,sarritán
sarritu,sarritu
sarritu,sarritua
sartalde,sartaldea
sartaurre,sartaurrea
sartaurre,sartaurrea
sasidi,sasidia
sasite,sasitea
sasitsu,sasitsua
saskitxo,sasquichoa
satai,sataya
satitsu,satitsua
saiakera,sayaquera
saiatu,sayatu
saiatu,sayatua
saieta,sayeta
saietera,sayetera
irazkai,irazcaya
segail,segailla
segail,segallá
segari,segaria
segurutu,segurutu
segurutu,segurutua
seintxo,seinchoa
seintxo,seinchoa
seindun,seinduna
seintzain,seinzaina
seme,semeac
seme,semeac
senartu,senartu
sendagarri,sendagarriac
sendagai,sendagaya
sendoro,sendoro
sendoro,sendoró
senge,senguea
sentiera,sentiera
sentigarri,sentigarria
sekere,sequerea
setati,setatia
sei,seyac
sikatu,sicatu
sikatu,sicatua
sinisgarri,siñisgarria
siniskizun,sinisquizuna
sinistarazi,sinistaraci
sinisterazo,sinisterazo
sinu,siñuac
sinu,siñuac
sits,sitsa
sits,sitsac
sokatxo,socachoa
sokagile,socaguillea
sokorru,socorrua
soildu,soildu
soildu,soildua
soiltasun,soiltasuna
erantsi,eransi
solomo,solomoa
somatu,somatu
somatu,somatú
somatu,somatua
somin,somiñac
zerrendatu,cerrendatua
erakide,eraquidea
jostailu,jostallua
sorbeltz,sorbeltza
sorgindu,sorguindu
sorki,sorquia
sortalde,sortaldea
sorterro,sorterroa
sosteko,sosteco
sosteko,sostecoa
sotana,sotana
su,suac
sualdi,sualdia
sukalkin,sucalquiña
sukatilu,sucatillua
sudun,suduna
suerte,suerteac
sufredun,sufreduna
sufretsu,sufretsua
sugalinda,sugalinda
sumindura,sumindura
supertasun,supertasuna
surangila,suranguilla
surrauts,surrauts
susto,sustoa
sustraitu,sustraitu
sustraitu,sustraitú
sustraitu,sustraitua
sutauts,sutautsa
sutokari,sutocaria
sutsu,sutsua
sutunpa,sutumpa
sutunpa,sutumpa
sutunpa,sutumpa
sutunpa,sutumpa
sutunpa,sutumpa
sutunpa,sutumpa
sutunpa,sutumpa
barruti,barrutia
goiende,goyendea
trinkatu,trincatu
tailu,taillua
talkari,talcaria
talde,talde
talde,talde
talde,taldea
talde,taldeá
tailu,tallua
tailugile,talluguillea
tailuntza,talluntza
tailuntza,tallunza
tamarindo,tamarindoa
jario,jario
tantai,tantaya
tapitu,tapitu
tapitu,tapitua
tarantula,tarantula
te,té
te,tea
teilatu,tellatuac
teileria,telleria
tintontzi,tintoncia
tirakai,tiracaya
tirakai,tiracayac
tiragale,tiragaleac
titi,titia
titi,titia
titi,titia
titi,titia
titi,titia
titulo,titulo
tolare,tolarea
toles,tolesa
toles,tolesá
toleskabe,tolescabe
toleskabe,tolescabea
tolestatu,tolestatu
tolestu,tolestu
tolestu,tolestua
tolet,toletá
tolet,toletac
tomo,tomoa
topatu,topatu
toreatu,toreatu
toreatzaile,toreatzallea
katranbila,catrambilla
trabes,trabesa
tragotxo,tragochoa
trailatu,traillatu
trantze,trancea
traskil,trasquilla
trataera,trataera
tratulari,tratularia
trebero,trebero
trinkatu,trincatu
trinkatu,trincatua
trinkatu,trincatuá
trinkete,trinquete
trinkete,trinquetea
tripandi,tripandia
tripaki,tripaqui
troglodita,troglodita
farragarri,farragarria
trukatzaile,trucatzallea
tulipai,tulipaya
bisir,visira
turroi,turroya
turunta,turuntá
ubeltasun,ubeltasuna
ukabilka,ucabilca
ukabilkatu,ucabilcatu
ukabilkatu,ucabilcatu
ukabilkatu,ucabilcatua
ukaera,ucaera
larre,larreac
udaldi,udaldia
ugariki,ugariqui
ugariro,ugariro
ugariro,ugariró
ugariro,ugariró
naroro,naroró
ugaritasun,ugaritasuna
ugaritsu,ugaritsua
ugaritu,ugaritu
ugaritu,ugaritua
ugarotu,ugarotu
ugarri,ugarria
ugarte,ugarte
ugarte,ugartea
inautsi,iñautsi
ule,uleac
atzapartu,atzapartu
uli,uliac
izutu,izutu
txiki,chiquiac
umantzi,umancia
untxi,unchia
une,uneac
unore,unorea
upa,upa
upagin,upaguiña
upategi,upategui
upategi,upateguia
upela,upela
upelagile,upelaguillea
upelategi,upelateguia
upeltxo,upelchoa
upeleratu,upeleratu
upeleratu,upeleratua
ukiera,uquiera
ur,urac
ur,urac
ur,urac
azaldu,azaldu
urkuilo,urculloa
erragosi,erragosia
urdail,urdalla
urdandegi,urdandeguia
urdakeria,urdaqueria
irabiatu,irabiatua
urdetu,urdetu
urdintsu,urdintsua
urdun,urduna
urdun,urduná
urduritu,urduritu
urduritu,urduritua
urgun,urgún
urgun,urguna
urperatu,urperatu
urpetu,urpetu
urpetu,urpétua
urratu,urratu
urratu,urratua
urraza,urraza
urregile,urreguillea
urreztu,urreztua
urrikalti,urricaltia
urrikari,urricari
urrilo,urriloa
urrintsu,urrintsua
urruindu,urruindu
urrutiratu,urrutiratu
urrutiratu,urrutiratú
urrutiratu,urrutiratua
urtetsu,urtetsua
urteurren,urteurrena
urtsu,urtsuá
urtzaile,urtzallea
usagari,usagaria
usaitsu,usaitsua
usandu,usandu
usandu,usandua
usandu,usandua
usatortola,usatortola
usbetatu,usbetatu
usbetatu,usbetatú
usbetatu,usbetatua
uso,usoac
usotxo,usochoa
ustai,ustai
estutu,estutuá
usteko,ustecoa
ustekida,ustequida
uxaldu,usyaldu
uztargi,uztargui
uztargi,uztarguia
uztai,uztaya
banguardia,vanguardia
bezino,vecinoa
lokarri,locarriac
lokarri,locarriac
beneno,venenoa
berbatxo,verbachoa
berdetu,verdetu
bertso,versoac
goldeatu,goldeatu
biziera,viciera
bizitasun,vicitasuna
bizitegi,viciteguia
bisitazale,visitazalea
otamen,otamena
bizkondesa,vizcondesa
zabalgarri,zabalgarriac
zabalki,zabalqui
zabalkiro,zabalquiro
zabalkiro,zabalquiró
zabaltzaile,zabaltzallea
zabarkeria,zabarqueria
zabu,zabua
zakur,zacur
zakur,zacur
zakuto,zacutoa
zai,zai
zain,zaiñac
zaintsu,zaintsua
zaitari,zaitaria
zaitu,zaitua
zaitza,zaitza
zaitza,zaitza
zalantza,zalantza
zalantza,zalantzá
zalantza,zalanza
zalantza,zalanzá
zalantzatu,zalanzatu
zaldabai,zaldabaya
zai,zaya
txuri,churia
zalditxo,zaldichoa
zaldidi,zaldidia
zalditegi,zalditegui
zai,zaya
gudatu,gudatu
zaldizko,zaldizcoac
gudari,gudaria
zaldun,zaldunac
zalduntxo,zaldunchoa
zalduntza,zalduntza
zalegarri,zalegarria
zalerazo,zalerazo
zamaldun,zamaldunac
zamarizain,zamarizaina
zamau,zamaua
zanpatu,zampatu
zankarte,zancartea
zaparrada,zaparrada
kosko,coscoa
zapatagile,zapataguillea
zaplada,zaplada
isildu,isildua
zapuztu,zapuztua
zaragardun,zaragarduna
zardai,zardai
zardai,zardaya
zartada,zartada
zartadako,zartadacoa
zati,zatiac
zatitxo,zatichoa
zornatu,zornatu
zai,zaya
zai,zayac
zazpireun,zazpireun
zazpiurren,zazpiurrena
zokoratu,zocoratu
zokoratu,zocoratua
zogi,zoguia
zogi,zoguiá
zogiro,zoguiro
zogiro,zoguiró
zolatu,zolatua
zolditu,zolditua
zoli,zolia
ito,itoac
zopatxo,zopachoa
zorabia,zorabia
zorabiatu,zorabiatu
zorakeria,zoraqueria
zorgetu,zorguetu
zorigabe,zorigabeac
zoriondu,zoriondu
zoriontasun,zoriontasunac
zorna,zorna
zorna,zorná
zornatu,zornatu
zornatu,zornatua
zorri,zorriac
zorri,zorriac
zorrotxo,zorrochoa
zorrozkiro,zorrozquiró
zorroztarri,zorroztarria
zorte,zorteac
zorten,zortena
zortziurren,zortziurrena
zotz,zotzac
zozo,zozo
zubitxo,zubichoa
zuzeleku,zucelecua
zai,zaya
zuzendari,zucendaria
zuzentzaile,zucentzallea
zuzitu,zucitua
zuku,zucua
zukurutz,zucurutza
zukuruztu,zucuruztu
zukuruztu,zucuruztú
zukuruztu,zucuruztua
zukutu,zucutua
zuganatu,zuganatua
zulogile,zuloguillea
zumardi,zumardia
zume,zume
otarra,otarra
zume,zumea
zumitz,zumitza
zuntoi,zuntoi
zuntoi,zuntoya
zurkaitz,zurcaitza
zurdaki,zurdaquia
zurdatz,zurdatza
zuresi,zuresia
zurindu,zurindu
zurindu,zurindua
zuritzaile,zuritzallea
zurra,zurra
zurra,zurrá
zurrian,zurrian
zurrungatu,zurrungatu
zurrupa,zurrupa
zurrupatu,zurrupatu
zurrupatu,zurrupatua
zurrut,zurruta
zurrut,zurrutá
zurtoin,zurtoina
zutargi,zutarguia
zutinik,zutinic
zutinik,zutinic
zuzentzaile,zuzentzallea
zuzkitu,zuzquitu
zuzkitu,zuzquitu
zuzkitu,zuzquitua
zuzkitu,zuzquituá
zuzkitu,zuzquitua
