era,era
janaritegi,janariteguia
arrandegi,arrandeguia
biguin,biguña
eratxi,erachi
artze,artzea
naroro,naroro
naro,naroa
zuzkitu,zuzquituá
trinkatu,trincatuá
erlezai,erlezaia
erlezain,erlezaina
erlabio,erlabioa
arrakada,arracadá
estutu,eſtutú
bezatu,bezatú
bezero,beceroa
bigotedun,bigoteduna
zintzo,cintzoa
zintzotasun,cintzotaſuna
zintzotu,cintzotu
zintzotu,cintzotua
zintzoki,cintzoqui
sorbeltz,ſorbeltza
leize,leicea
beltzuntza,belzuntza
eulitzar,eulitzarrá
sargoritu,ſargoritu
sargoritu,ſargoritua
mailatu,mallatu
mailatu,mallatua
nazkagarri,nazcagarria
nazka,nazca
naga,naga
nazkatu,nazcatu
nagatu,nagatu
maltsotu,malſotu
zimaurtu,cimaurtú
zimaurtu,cimaurtua
naroro,naroró
gaitzetsigarri,gaitzetſigarria
bertiztu,bertiztu
bertitz,bertitzá
buiatu,buyatua
otailari,otallaria
jorrail,jorrailla
urratu,urratu
urratu,urratua
zabalkiro,zabalquiro
otzan,otzaná
zolditu,zolditua
deslotu,deslotú
kordebagetu,cordebaguetua
egokiez,egoquieza
amona,amoná
amasaba,amaſaba
amagoi,amagoya
aitona,aitona
aitasaba,aitaſaba
aitagoi,aitagoya
buiatu,buiatua
buiatu,buyatu
ugaritasun,ugaritaſuna
naro,naroá
narotasun,narotaſuna
ugaritsu,ugaritſua
narotsu,narotſua
ugariki,ugariqui
naroki,naroqui
naro,naró
oparo,oparó
astotu,aſtotua
gogaiterazo,gogaiterazo
gogaitarazi,gogaitaraci
noizdanik,noizdanic
bukatu,bucatu
bukatu,bucatua
bukarazi,bucaraci
bukaerazo,bucaerazo
akabaila,acaballá
bukaera,bucaera
ikasola,icaſolá
bilguma,bilgumá
jazo,jazo
gertaera,guertaera
estutu,eſtutua
isildu,iſildu
sutunpa,ſutumpa
moretu,moretua
eraio,erayo
noaski,noaſqui
ausaz,auſaz
ondasundun,ondaſunduna
zuzkitu,zuzquitua
zuzentzaile,zuzentzallea
egiera,eguiera
ibilera,ibillera
zezinatu,ceciñatu
zezinatu,ceciñatua
gazuratu,gazuratú
ozpindu,ozpindua
gazuratu,gazuratua
mineta,minetá
burugabe,burugabea
oliontzi,olioncia
olibo,oliboa
zerba,cerbá
zamarizain,zamarizaina
beregandu,beregandu
astitsu,aſtitſua
igara,igara
errotazai,errotazaya
garlopatu,garlopatu
garlopatu,garlopatua
oniritzi,oniritzia
lats,latſá
altzairuztatu,altzairuztatu
altzairukintza,altzairuquintza
garrazkiro,garrazquiró
gogorkiro,gogorquiró
somatu,ſomatua
txikitu,chiquitu
txikertu,chiquertu
ostertxuri,oſterchuria
txit,chit
kiskaldu,quiſcaldu
txigortu,chigortú
kiskaldu,quiſcaldua
txigortu,chigortua
txoko,choco
lerdatu,lerdatu
noruntz,norunz
garraztu,garraztú
garraztu,garraztua
akzidente,accidente
nagikeria,naguiqueria
ojuka,ojuca
deadarkari,deadarcaria
argiagotu,arguiagotua
desalaitu,deſalaitua
desalaitu,deſalaitu
ostikokari,oſticocaria
erasotzaile,eraſotzallea
artzeera,artzeera
lapurtegi,lapurteguia
maneatu,maneatu
osasundun,oſaſunduna
eraz,éraz
irabedar,irabedarra
izutu,izutu
komutatu,comutatua
komutatu,comutatú
estutu,eſtutu
izutu,izutua
artzatu,artzatu
garrazkiro,garrazquiro
gogorkiro,gogorquiro
bizitasun,vicitaſuna
salatzaile,ſalatzallea
pilatu,pillatua
montoitu,montoitua
pilatzaile,pillatzallea
salaketa,ſalaqueta
salakera,ſalaquera
akusazio,acuſacioa
txukun,chucuna
txukundu,chucundua
aurreratzaile,aurreratzallea
aurrerapen,aurrerapena
akastu,acaſtu
egokiro,egoquiró
dina,diña
maneatu,maneatua
maneatzaile,maneatzalleá
zuzemen,zucemena
hireganatu,hireganatu
natu,natú
zuenganatu,zuenganatu
zuganatu,zuganatua
zuzkitu,zuzquitu
aztiatu,aztiatú
igerle,iguerlea
aurpegiera,aurpeguieraá
aztinantza,aztinanza
asmo,aſmoa
igermen,iguermena
elkarte,elcartea
administratzaile,adminiſtratzallea
begirantza,beguiranza
miragarriro,miragarriro
mirari,miraria
miresle,mireslea
mireskor,mireſcorra
etartu,etartu
etartu,etartua
gaixokor,gaisyocorra
erikor,ericorra
gurte,gurtea
kordebagetu,cordebaguetu
apaintzaile,apaintzallea
jakinez,jaquinéz
aduana,aduaná
txaol,chaolac
zaldabai,zaldabaya
arrazko,arrazcoa
barruti,barrutia
losentxa,loſencha
gaztetu,gaztetua
gaitzegoki,gaitzegoquia
zoli,zoliá
arreta,arreta
senge,ſenguea
arraia,arraia
ezaindu,ezaindua
amodiotsu,amodiotſua
bizargile,bizarguillea
emakumetu,emacumetu
emakumetu,emacumetua
itsatsi,itſatſi
itsatsi,itſatſia
ekarrai,ecarraia
jaiera,jayera
jaiera,jaiera
beregandu,beregandua
maneatzaile,maneatzallea
baieztu,bayeztú
baieztatu,bayeztatú
baieztu,bayeztuá
baieztatu,bayeztatua
baieztu,bayeztu
baiezko,bayezcoa
malmetitu,malmetitú
lantu,lantuá
lasaitu,laſaitu
lasai,laſai
lasaitu,laſaitua
azpikotu,azpicotu
azpikotu,azpicotua
forru,forrua
zai,zaya
laidotu,laidotua
lotsagarriro,lotſagarriro
igortzi,igortzi
aurkeztu,aurqueztu
isats,iſatſ
zintzilika,cincilica
zikoitz,cicoitza
zirikatu,ciricatu
zirikatu,ciricatua
agata,agata
usagari,uſagaria
lastertu,laſtertú
bizitu,bicitú
lastertu,laſtertua
biziera,viciera
lasterki,laſterqui
mugiera,muguiera
gubia,gubia
moduzko,moduzcoa
eraz,eraz
otzan,otzana
oniritzi,oniritzi
eskerti,eſquertia
eskertsu,eſquertſua
astungarri,aſtungarri
pisutu,piſutu
astundu,aſtundu
iraindu,iraindu
iraindu,iraindua
irain,irainá
zorigabe,zorigabeac
talde,taldeá
moltso,molſoá
basati,baſatia
basajende,baſagendea
gazitxo,gacichoa
segari,ſegaria
lintzura,linzura
irozo,irozó
irozo,irozo
irozo,irozoá
urdun,urduna
itxeden,icheden
iraungile,iraunguillea
zingira,cinguirá
zorrozkiro,zorrozquiró
mentu,mentuá
zulogile,zuloguillea
alaba ponteko,alaba pontecoa
zatitxo,zaticho
ozpindu,ozpindú
gogoan jo,gogoan jo
gogoan jo,gogoan joa
osin,oſiná
itogarri,itogarria
oraindio,oraindio
arestian,areſtian
ardore,ardore
alai,alai
erausi,erauſi
egurastu,eguraſtú
mastrikatu,maſtricatu
mastrikatu,maſtricatua
atal,atalá
azolio,azolio
alogeratu,alogueratua
alabastro,alabaſtroa
labana,labaná
alabastro,alabaſtro
arrabio,arrabioa
egaadun,egaaduna
galondo,galondoa
balakari,balacaria
alaja,alaja
alanbre,alambrea
ezkurdui,ezcurduia
alara,alará
luzaera,luzaera
alara,alara
eguantz,eguanzá
labain,labaña
karkaba,carcaba
txuri,churia
legen,leguená
alberdania,alberdania
txalmatu,chalmatú
txalma,chalmá
txalmatu,chalmatua
bastatu,baſtatua
bastagintza,baſtaguintza
bastagin,baſtaguiña
txalmagin,chalmaguiña
albertxigu,alberchigua
astatipula,aſtatipula
zorri belar,zorri belarra
txuritasun,churitaſuna
alborada,alborada
alboraki,alboraquia
arazo,arazoa
asalda,aſaldá
poztu,poztú
poztu,poztua
pozaldi,pozaldiá
albiste,albiſtea
zingiradi,cinguiradia
umantzi,umanciá
estalgile,eſtalguillea
ziriku,ciricua
alkanfor,alcanfora
basarto,baſartoa
erdiesle,erdieslea
kako,cacoa
artelatz,artelatza
azaldu,azaldu
azaldu,azaldua
kisket,quiſqueta
ale,alea
izutu,izutú
mugako,mugacoa
ekarrai,ecarraya
poztu,poztu
pozik,pozic
alegeria,alegueria
urrutiratu,urrutiratu
urrutiratu,urrutiratua
erruz,erruz
alaitu,alaitua
indartu,indartua
isats,iſatſa
etoi,etoya
buztinola,buztinola
buztingile,buztinguillea
eltzegile,eltzeguillea
ibiki,ibiquia
zerri,cerriá
zakuto,zacutoa
alportxa,alporcha
algara,algará
algara,algara
algaraz,algaráz
ojuka,ojúcá
ojulari,ojularia
binorri,biñorriá
gorrindu,gorrindú
ailorbe,allorbea
aurren,áurren
erru,erruá
erantsi,eranſiá
janaritu,janaritu
janaritu,janaritua
txukun,chucuná
maneatu,maneatú
leuntzaile,leuntzallea
sorki,ſorquia
igortzi,igortzia
lautu,lautuá
zelaitu,celaitua
batzaile,batzállea
egunari,egunaria
beira belar,beira belarra
marrega,marrega
igara,igará
zertegi,certeguia
txirl,chirlac
almen,almená
almidoatu,almidoatu
almidoatu,almidoatua
motrairu,motrairua
aurdiko,aurdicoa
lakari,lacaria
zumintz,zumintzá
belarmintz,belarmintza
urrutiratu,urrutiratú
espartingile,eſpartinguillea
etxalde,echaldea
alogeratu,alogueratu
sukor,ſucorra
pikeztatu,piqueztatu
pikeztatu,piqueztatua
sagubedar,ſagubedarra
aldakor,aldacorra
goiende,goiendea
baberrum,baberrumac
txingurri,chingurri
irudipen,irudipena
adiera,adiera
altzapremia,alzapremia
altzapremiatu,altzapremiatu
amatzaile,amatzallea
irriatu,irriatu
irriatu,irriatua
egundu,egundu
maltsotu,malſotua
saiatu,ſayatu
girlanda,guirlandá
saminki,ſaminqui
saminkiro,ſaminquiró
ubeltasun,ubeltaſuna
ibilizale,ibillizalea
zukuruztu,zucuruztú
izutu,izutuá
zukuruztu,zucuruztua
keina,queiná
sarritan,ſarritán
sarritxo,ſarricho
maiztxo,maizcho
muzindu,mucindu
muzindu,mucindua
mugatu,mugatu
mugatu,mugatua
moldakaitz,moldacaitzá
gisatu,guiſatú
gisatu,guiſatua
pilatzaile,pillatzalle
metatzaile,metatzallea
metaka,métaca
maitati,maitatia
maitatsu,maitatſua
amorratu,amorratu
zapuztu,zapuztua
zaitu,zaitua
anparatzaile,amparatzallea
anpulu,ampulua
babalarru,babalarrua
babalarrutu,babalarrutua
te,tea
muturkatu,muturcatu
muturka,muturca
musuka,muſuca
mortuar,mortuarrá
eremuar,eremuarrá
ataa,ataá
zabalki,zabalqui
zabalkiro,zabalquiró
antzina,anciná
aguretu,aguretú
ainguratu,ainguratu
ainguratu,ainguratua
ibilkor,ibilcorra
te,te
katabu,catabua
urpetu,urpetu
urperatu,urperatu
urpetu,urpétua
aingerutar,ainguerutarra
aingerutxo,aingueruchoa
aingerutzar,ainguerutzarra
sarde,ſardea
estutasun,eſtutaſúna
gorrindu,gorrindu
urtar,urtarra
lurtar,lurtarra
aberetxo,aberechoa
alaitu,alaitu
indartu,indartu
kemendu,quemendu
kemendu,quemendua
alai,alayá
ezereztu,ecereztú
ezereztu,ecereztu
ezereztu,ecereztua
erantsi,eranſi
erantsi,eranſia
urteurren,urteurrena
izenbage,icembaguea
ataurre,atáurrea
lentxeago,lencheago
antzina,anciña
antzinaera,anciñaera
antzinate,anciñatea
guraritu,guraritu
aratuzte,aratuztea
urtetsu,urtetſua
puskatu,puſcatu
zekor,cecorrá
txal,chalá
gorrina,gorriná
begizko,beguizcoa
arraia,arraiá
gozatzaile,gozatzallea
balenka,balenca
makilari,maquillaria
makilakari,maquillacaria
makilatu,maquillatu
lanperna,lamperna
prestamen,preſtamena
hirunaka,hirunaca
aparte,aparte
montoitu,montoitu
irozgarri,irozgarriac
txingor,chingorra
deigarri,deigarria
izengain,icengaña
gurdigile,gurdiguillea
aginde,aguindea
txaola,chaola
izurritu,izurritua
zalegarri,zalegarria
astailar,aſtaillarra
errukitu,erruquitu
tontor,tontorra
trinkatu,trincatu
lautu,lautú
lautu,lautua
dunduriatu,dunduriatu
olagaratu,olagaratú
dunduriatu,dunduriatua
olagaratu,olagaratuá
olagara,olagará
bekalde,becaldea
bekaldetu,becaldetu
gitxitu,guichitua
ezizen,ecicena
sits,ſitſac
zornatu,zornatu
zornatu,zornatua
bilguma,bilguma
irozerazo,irozerazo
irozgarri,irozgarria
estimagarri,eſtimagarria
irudikor,irudicorra
prentsatu,prenſatu
estuerazo,eſtuerazo
trinkatu,trincatua
estugarri,eſtugarriac
estutasun,eſtutaſuna
larritasun,larritaſuna
presaka,preſaca
eiaka,eiaca
saletxe,ſalechea
gertuera,guertuera
hiretu,hiretu
joaira,joaira
zikoitz,cicoitzá
estibatu,eſtibatu
estibatu,eſtibatua
ukabilkatu,ucabilcatua
bukatu,bucatú
jendedi,gendediac
barrunbe,barrumbea
urdun,urduná
urtsu,urtſuá
goldeatu,goldeatua
bostortz,boſtortza
arre,arreá
alanbre,alambre
armiarma,armiarma
argi armiarma,argui armiarma
karramintx,carraminchá
bostortz,boſtorz
erabaki,erabaqui
erabaki,erabaquia
makatz,macatzá
txertatu,chertatua
tortika,tortica
ezkurdui,ezcurduya
estalpe,eſtalpea
goiende,goyendea
etxakintza,echaquintza
zuzeleku,zucelecua
uztargi,uztarguiá
uztai,uztaya
gubia,gubiá
katarde,catardeá
mardo,mardó
izeki,icequi
saiakera,ſayaquera
izeki,icequia
otalora,otalora
otadi,otadia
talkari,talcaria
arlekin,arlequin
arlekin,arlequiña
zarpa,zarpa
ontzidi,oncidia
armagile,armaguillea
ezkutarma,ezcutarma
uztai,uztay
likurta,licurtá
likurtatu,licurtatu
bezint,becintac
kutxazai,cuchazaya
kutxatxo,cuchacho
arrakad,arracadac
zirtzilu,circiluac
zirtzilu,circilluac
mordotu,mordotu
mordotu,mordotua
sustraitu,ſuſtraitú
sustraitu,ſuſtraitua
bakandu,bacandú
galantu,galantú
atzapartu,atzapartu
atzapartu,atzapartua
atzapartari,atzapartaria
eiaka,éyaca
urduritu,urduritua
arrantzatu,arrantzatu
arautu,arautu
arautu,arautua
eskilaso,eſquilaſoa
ihakingile,ihaquinguillea
errenka,errénca
jarraika,jarráica
aratinik,aratinic
zokoratu,zocoratu
baztertu,baztertu
zokoratu,zocoratua
astotu,aſtotu
erruz,errúz
erru,errua
jiraka,giraca
goldatu,goldatu
laiatu,layatu
txirripa,chirripá
errekatxo,errecachoa
arautegi,arauteguia
oguziera,oguciera
oguzi,ogucia
sutunpa,ſutumpá
sutunpadi,ſutumpadia
astigar,aſtigarrá
akara,acara
igoera,igoéra
jainkoti,jaincotia
aski,aſqui
naga,nagá
kirten,quirtena
kirtentxo,quirtenchoa
astazai,aſtazaya
astotxo,aſtochoa
ikoroski,icoroſquia
astalkai,aſtalcaya
ardore,ardorea
garraztu,garraztu
nazkatu,nazcatú
nagatu,nagatú
urdakeria,urdaqueria
zikinkeria,ciquinqueria
burduntzi,burduncia
asalda,aſſalda
ondoren,ondorena
ondorengo,ondorengoa
segurutu,ſegurutu
aurren,aurrena
zerratoki,cerratoquia
zerrauts,cerrautſa
zerratu,cerratu
bertatik,bertatic
eserleku,eſerlecua
kondar,condarrá
soildu,ſoildua
eguzkitu,eguzquitu
eguzkitu,eguzquitua
ikarati,icaratia
izukor,izucorra
izu,izua
gorrerazo,gorrerazo
gorrarazi,gorraraci
ildaskatu,ildaſcatu
izartxo,izarchoa
jokotria,jocotria
arratz,arratza
gelbera,guelberá
erratilu,erratillua
txepeltasun,chepeltaſuna
lezoi,lezoyac
arraia,arraya
lokatza,locatza
lokaztu,locaztu
lokaztu,locaztua
apainketa,apainqueta
nazkatu,nazcatua
nagatu,nagatua
zukuruztu,zucuruztu
arreta,árreta
begirune,beguirunea
eradoski,eradoſqui
titi,titia
eradoski,eradoſquia
gudari,gudaria
itsuka,itſuca
itsumustuka,itſumuſtuca
somatu,ſomatu
espartzu,eſparzua
lupetza,lupetzá
lauso,lauſoa
atrebentzia,atrebencia
izu,izuác
etxabe,echabea
odolgiro,odolguiroa
urduritu,urduritu
ikaragarriro,icaragarriró
urreztu,urreztua
eguantz,eguanza
adiakari,adiacaria
liburugile,liburuguillea
laguntari,laguntaria
banguardia,vanguardia
mantal,mantala
gonagain,gonagaña
gautxori,gauchoria
basatxori,baſachoria
txoritxo,chorichoa
aguretu,aguretu
atsotu,atſotu
aguretu,aguretua
atsotu,atſotua
jazoera,jazoera
bilakinde,billaquindea
bilakindetu,billaquindetu
bilakindetu,billaquindetua
okertu,oquertua
atrebentzia,atrevencia
landertu,landertú
landertu,landertua
ozpindu,ozpindu
erresomindu,erreſomindu
erresomindu,erreſomindua
piztarazi,piztaraci
azitrai,acitraya
asentsio,aſenſioa
zaitu,zaitu
seintzain,ſeinzaina
erasan,eraſan
barautzaile,barautzallea
barautu,barautu
arbaltx,arbalcha
arbeltx,arbelcha
aitzurkada,aitzurcada
atxurkada,achurcada
otarratxo,otarrachoa
saskitxo,ſaſquichoa
azotaldi,azotaldia
sabai,ſabai
trabes,trabeſa
lurrinkai,lurrincaya
lurrunkai,lurruncaya
lingerda,linguerda
zikindu,ciquindua
hitzontzi,hitzontzia
hitzontzikeria,hitzontziqueria
berritsukeria,berritſuqueria
eskumakila,eſcumaquilla
baldan,baldana
angurri,angurria
gelbera,guelbera
burtzin,burciña
oinkari,oincaria
zalantza,zalanzá
zuresi,zureſia
balazo,balazoa
baranda,barandá
balkoi,balcoya
baldan,baldan
baldankeria,baldanqueria
elbarritu,elbarritu
elbarri,elbarria
elbarri,elbarri
doan,doán
doarik,doaric
laidotu,laidotu
lumera,lumerá
sain,ſaiña
balekume,balecumea
saietera,ſayetera
branda,brandá
otarra,otarra
zestera,ceſtera
sisilu,ſiſilua
zizeilu,cicellua
jendedi,gendedia
banderatxo,banderachoa
erbestetu,erbeſtetua
bando,bandoa
buzkantz,buzcantzá
umantzi,umancia
gaintxuritu,gainchuritu
gaintxuritu,gainchuritua
bainu,bañua
bustialdi,buſtialdia
bateotegi,bateoteguia
atela,atelá
atelekatu,atelecatu
merketxo,merquechoa
bizartu,bizartua
bizartu,bizartu
bizartzar,bizartzarra
goldeatu,goldeatu
bizarkintegi,bizarquinteguia
bizarkintza,bizarquintza
bizarkin,bizarquiña
gabarra,gabarra
lubaki,lubaquia
likurta,licurta
likurtatu,licurtatua
baroe,baroea
txanel,chanela
erratzatu,erratzatu
erratzatu,erratzatua
sabelandi,ſabelandi
etxadi,echadia
lupetza,lupetza
lokaztegi,locazteguia
buztintsu,buztintſua
nazk,nazcac
nag,nagac
kina,quiña
batzaile,batzallea
guda,gudá
gudatu,gudatu
bidazain,bidazaina
gitxitu,guichitu
txartasun,chartaſuna
txarkeria,charqueria
lurperatu,lurperatú
erresa,erreſa
tremes,tremeſa
bezero,beceró
bezero,beceroá
bedel,bedelá
erabelar,erabelarra
erabedar,erabedarra
gaiztakin,gaiztaquiña
zitalkiro,citalquiro
bedeikazio,bedeicacioa
ongite,onguitea
ontzaile,ontzallea
ongarritu,ongarritu
ongile,onguillea
ongiro,onguiró
ongiro,onguiroa
berbena,verbena
azolio,azolioac
eskumuin,eſcumuñac
aberekeria,aberequeria
aberetasun,aberetaſuna
musukatu,muſucatu
errosel,erroſela
beta,veta
betar,betarra
betarraga,betarraga
errozerba,errocerba
betun,betuna
naslika,naslicá
liburutegi,liburuteguia
eskubare,eſcubarea
sardetxe,ſardechea
zoriontasun,zoriontaſunac
bigote,bigotea
zorrotxo,zorrochoa
birlo,birloa
birla,birlá
txano,chanoa
amabisaba,amabiſaba
aitabisaba,aitabiſaba
kontz,contzá
betun,betun
alportx,alporchac
bizkotxo,bizcochoa
mantar,mantarrá
txuritu,churitu
jomuga,jomugá
samurkiro,ſamurquiro
zalantzatu,zalanzatu
dardaratu,dardaratu
ezkutarma,ezcutarmá
sarrera,ſárrera
aurkez,aurquez
aukeran,auqueran
isil,iſil
mokadu,mocadua
mokadu,mocadu
sargori,ſargoria
upategi,upateguia
upelategi,upelateguia
ope,opea
masaileko,maſalleco
belarrondoko,belarrondocoa
zaplada,zaplada
boga,boga
gobada,gobadá
bogari,bogaria
bogatu,bogatu
boga,bogá
birla,birla
zizku,cizcua
txisku,chiſcua
ontxo,onchoa
atuntxiki,atunchiquia
beikorotz,beicorotza
hitzontzi,hitzontzi
bordatzaile,bordatzallea
bordoi,bordoya
borla,borla
jasa,jasá
astakeria,aſtaqueria
astotzar,aſtotzarra
pote,potea
zato,zatoa
txoro,choroa
bote,botea
ospil,oſpillá
ninika,ninicá
ezpel,ezpelá
boia,boya
itzai,itzaya
besakada,beſacada
besaldi,beſaldia
galtz,galtzac
orrolari,orrolaria
listari,liſtaria
orroi,orroya
basoti,baſotia
basoti,baſotiac
besaki,beſaquia
naslika,naslica
otadi,otadiac
laburketa,laburqueta
orritxo,orricho
brinko,brincoa
brindis,brindiſa
indarti,indartia
errutsu,errutſua
errudun,erruduna
zurdaki,zurdaquia
basaolo,baſaoloa
birikodi,biricodiac
burrukari,burrucari
jario,jario
kondar,condarra
arbezta,arbeztá
bisuts,biſutſa
negutar,negutarra
nekaldi,necaldia
aberetar,aberetarra
landubage,landubaguea
sorgindu,ſorguindu
sorgindu,ſorguindua
pikorta,picortá
eralki,eralqui
idisko,idiſcoa
bufoi,bufoya
bufoikeria,bufoiqueria
zibota,cibota
butroe,butroea
iskanbila,iſcambilla
otsande,otſandea
bularka,bularca
buril,burila
zizelatu,cicelatu
zizelatu,cicelatua
iseka,iſecá
burlagile,burlaguillea
isekari,iſecaria
isekatu,iſecatu
burlati,burlatia
jostailu,joſtallua
ustai,uſtai
uztai,uztai
zaldidi,zaldidia
zalditxo,zaldichoa
zalduntxo,zaldunchoa
zalduntza,zalduntza
zalditegi,zalditegui
matxisalto,machiſalto
zaldizko,zaldizcoac
zerrendatu,cerrendatu
bilotsu,bilotſua
atzen,atzena
oinorde,oñordea
buruak eman,buruac eman
burkoi,burcoia
txilar,chillarra
erorketa,erorqueta
jauspen,jauſpena
antxume,anchumea
akirin,aquirina
kakau,cacaua
akats,acats
txarro,charro
txarro,charroa
muturreko,muturrecoa
masail,maſalla
akats,acatſa
kumetxo,cumechoa
izuti,izutia
kadartzu,cadartzua
pertz,pertza
maskelu,maſquelua
pazia,pacia
irazkai,irazcayac
osin,oſina
osin,oſiña
kafe,cafeá
kafeontzi,cafeontzia
mokordo,mocordoa
kakategi,cacateguia
kakeria,caqueria
pikorta,picorta
kakajario,cacajario
kararri,cararria
dendatu,dendatu
kuia,cuiá
lekotz,lecotza
ziega,ciegá
autsarri,autſarria
arranpa,arrampa
burezur,burezurra
galdatu,galdatu
galdatu,galdatua
paziagile,paciaguillea
galdaratxo,galdarachoa
egunari,egunária
berontzi,berontzia
beroaldi,beroaldia
karobi,carobia
karegile,careguillea
leinargitu,leñarguitu
edontzi,edontzia
isil,iſillá
isildu,iſildua
isilkor,iſilcorra
salgaizta,ſalgaizta
galtz,galzac
galtxuri,galchuriac
oi,oya
iskir,iſquirac
gameluzai,gameluzaya
gamelu,gamelua
bidaldi,bidaldia
kamio,camio
gurdibide,gurdibidea
errebelatu,errebelatu
zoli,zolia
ziur,ciurra
kanpaetorre,campaetorrea
kanpaegile,campaeguillea
kanpaetxo,campaechoa
txilintxa,chilincha
kanpotar,campotarra
nekazari,necazaria
baserritar,baſerritarra
itsasarte,itſaſartea
txerri,cherria
zerri,cerria
ataurre,ataurrea
langa,langá
zutargi,zutarguia
toleskabe,toleſcabea
kriselu,criſelua
kriselu,criſelu
karamarro,caramarroa
txangurru,changurrua
bernezur,bernezurra
besazur,beſazurra
zipotz,cipotza
kanoa,canoa
gogaikarri,gogaicarria
kantatxo,cantachoa
pegartxo,pegarchoa
lusuil,luſuilla
atal,atala
errauli,erraulia
zenbate,cembatea
mendarte,mendartea
kanoi,canoya
kanoi,canoyac
sutunp,ſutumpac
buruki,buruquia
lekune,lecunea
osagile,oſaguillea
txikiratu,chiquiratu
irindu,irindu
txartes,charteſá
txartes,charteſa
elkargo,elcargoa
batzartar,batzartarra
batzarretoki,batzarretoquia
berezita,berecitá
txikiratu,chiquiratua
irindu,irindua
bekosko,becoſcoa
bekoskodun,becoſcoduna
burutazino,burutacinoa
karabinari,carabinaria
barakuilo,baraculloa
barakulu,baraculua
karamelo,carameloa
ikaztu,icaztu
ikazkin,icazquiña
ikazkintza,icazquintza
zurindu,zurindu
zurindu,zurindua
karda,cardá
kardari,cardaria
kardatu,cardatu
kardatu,cardatua
bekaldu,becaldu
bekaldu,becaldua
garestitu,gareſtitu
segail,ſegallá
txarrantxa,charrancha
txikiro,chiquiroa
aratuzte,aratuzteac
saminkor,ſamincorra
karpa,carpa
zurgintegi,zurguinteguia
burubide,burubidea
arinka,arinca
eiaka,eyaca
korrika,corrica
orgabide,orgabidea
ezkutitz,ezcutitza
txartel,chartela
kartoi,cartoya
ametz,ametzá
zoroetxe,zoroechea
laukitxo,lauquichoa
jasa,jaſá
kaskabel,caſcabelá
etxajaun,echajauna
maizter,maizterra
malmetitu,malmetitu
hisialdi,hiſialdia
burutaldi,burutaldia
mazpildu,mazpildu
krisket,criſqueta
gaztelar,gaztelarra
lista,liſtá
kostoma,coſtomá
jakinbide,jaquinbidea
lenengo,lénengoa
errakai,erracaya
lezoi,lezoya
atxurlari,achurlaria
aitzurlari,aitzurlaria
aitzurle,aitzurlea
dirutegi,diruteguia
arratz,arratzá
basazaldi,baſazaldia
zezin,ceciña
satitsu,ſatitſua
bezinta,becinta
burmun,burmuna
burmuin,burmuña
zerutar,cerutarra
erraustegi,errauſteguia
autsu,autſua
austun,auſtuna
zentso,cenſoa
irizpen,irizpena
lubeazun,lubeazuna
txingar,chingarra
txingartu,chingartu
zikirio,ciquirioa
zingila,cinguilla
zingilatu,cinguillatua
errebota,errebota
lubakitu,lubaquitu
murritu,murritua
kandelategi,candelateguia
kandelagile,candelaguillea
txermen,chermená
txermen,chermena
lisiba,lisibá
austontzi,auſtoncia
zetabatu,cetabatu
zero,ceroa
itxiera,ichiera
urraza,urraza
sarrailagile,ſarrallaguillea
zerratu,cerratua
zerra,cerra
muno,munoa
urdintsu,urdintſua
gararnotegi,gararnoteguia
gararnogile,gararnoguillea
gararno,gararnoa
otarrategi,otarrateguia
otarregile,otarreguillea
otarretxo,otarrechoa
txatar,chatarrá
txakolin,chacolina
gizatxar,guizacharra
upa,upa
txalupa,chalupa
txantxa,chancha
moldakaitz,moldacaitza
zaparrada,zaparrada
inautsi,iñautſi
inautsi,iñautſia
murgildu,murguildu
murgildu,murguildua
berriketa,berriqueta
zanpatu,zampatua
arraia,arráya
txitxi,chichia
txitxar,chicharra
txirriska,chirriſca
gantxigor,ganchigorra
jostaketa,joſtaqueta
seintxo,ſeinchoa
txirola,chirola
txirolari,chirolaria
txistulari,chiſtularia
ezerezkeria,ecerezqueria
tximinea,chiminea
tximitx,chimicha
txinatar,chinatarra
txiko,chico
buztanikara,buztanicara
astamats,aſtamatſa
txiste,chiſtea
oilagor,ollagorra
txotx,chocha
ezki,ezquia
eltzun,eltzuna
danbatako,dambatacoa
jazar,jazarra
guda,guda
belaunezur,belaunezurra
txori,chori
istingor,iſtingorra
antxume,anchume
belaiska,belaiſcá
txoko,chocoa
zanpatu,zampatu
txupatu,chupatu
txupatu,chupatua
askojakin,aſcojaquina
zikoizkeria,cicoizqueria
arradiza,arradizá
jakintza,jaquintza
ziertoro,ciertoro
ziertoro,ciertoró
orein,oreña
laburkiro,laburquiro
zurdatz,zurdatza
tontor,tontorrá
txorten,chortena
ezkilatxo,ezquillachoa
zimel,cimel
zimel,cimela
zimel,cimelá
zizel,cicelá
zizel,cicela
zingilatu,cinguillatu
bostorri,boſtorria
nekosta,necoſtá
osakin,oſaquiña
zikindu,ciquindu
iduri,iduria
beltxarga,belchargá
zitara,citara
txatar,chatarra
ezkutape,ezcutapea
zuringo,zuringo
argiro,arguiró
turunta,turuntá
abarte,abartea
klaustro,clauſtroa
iltzatu,iltzatu
iltzatu,iltzatua
iltzegile,iltzeguillea
kabila,cabillá
apaiztar,apaiztarra
abadetar,abadetarra
apaiztu,apaiztu
lagunkidatu,lagunquidatu
lagunkidatu,lagunquidatua
murritu,murritu
urraida,urraidá
sukalkin,ſucalquiña
koko,cocoa
krokodilo,crocodilo
ukalondo,ucalondoa
galeper,galeperra
pospolin,poſpoliná
adinkide,adinquidea
anaikide,anaiquidea
tolestu,toleſtua
luzoker,luzoquerrá
zerrenda,cerrendá
atzen,atzená
afarusi,afaruſia
lisiba,liſiva
irazkai,irazcaya
iragazi,iragaci
kosna,coſná
bilgo,bilgoa
eseki,eſequi
eseki,eſequia
begi ur,begui ura
lepande,lepandea
murrutu,murrutu
eultza,eultza
maizter,maizterrá
larrantz,larrantza
zabu,zabua
metarri,metarria
erbinude,erbiñudea
ogigaztai,oguigaztaya
gudatu,gudatua
errakor,erracorra
errakin,erraquiña
salerosi,ſaleroſi
aldimaitza,aldimaitza
mugikidatu,muguiquidatu
mugikidatu,muguiquidatua
egokiro,egoquiro
kupidatu,cupidatu
kupidatu,cupidatua
errukitu,erruquitua
aitakide,aitaquidea
lagunkida,lagunquida
bardinkuntza,bardincunza
kupidakor,cupidacorra
ordaingarri,ordaingarria
ordaindu,ordaindu
ordaindu,ordaindua
pozkida,pozquidá
pozkidatu,pozquidatu
usbetatu,usbetatú
konpontzaile,compontzallea
zuzentzaile,zucentzallea
antolamendu,antolamenduá
moldaera,moldaera
antolamendu,antolamendua
konpontzaile,componzallea
egitura,eguitura
moldesi,moldeſiá
erosketa,eroſqueta
maskordun,maſcordun
elkargo,elcargoá
ustekida,uſtequida
bilkida,bilquidá
bilkida,bilquida
eripetu,eripetu
eripetu,eripetua
untxi,unchia
estandarte,eſtandarte
aitortegi,aitorteguia
kutun,cutuná
jazar,jazarrá
erakida,eraquida
erakidatu,eraquidatu
erakidatu,eraquidatua
erakide,eraquidea
erara,erara
biltzarkide,biltzarquidea
batzarkide,batzarquidea
egokinde,egoquindea
erabide,erabidea
irabazkida,irabazquida
irabazkidatu,irabazquidatua
donekidatu,donequidatu
donekidatu,donequidatua
odolkide,odolquidea
esonde,eſondea
betuste,betuſtea
pozkidatu,pozquidatua
elkarkide,elcarquideac
ekidatu,equidatua
pozkida,pozquida
erkitu,erquitua
kontatzaile,contatzallea
zenbatetu,cembatetu
kontukintza,contuquintza
aurrandetu,aurrandetua
betiro,betiro
kontrabando,contrabandoa
kontrabandista,contrabandiſta
kontradantza,contradanza
kontraesan,contraeſan
kontramaisu,contramaiſua
satai,ſataya
kontrapozoi,contrapozoia
pozkabetu,pozcabetu
pozkabetu,pozcabetua
burkoi,burcoya
zepa,cepa
erabezta,erabezta
ugariro,ugariro
lotots,lototſa
kopoi,copoya
korbata,corbata
artelazki,artelazquia
kortxo,corchoa
erroitz,erroitzá
adarkada,adarcada
adarkari,adarcaria
adarkatu,adarcatu
beltzurda,belzurda
gorpuzdun,gorpuzduna
gorpuztun,gorpuztuna
izkina,izquiña
galkidatu,galquidatu
gaizkindu,gaizquindú
galkidatu,galquidatua
epaialdi,epayaldia
gazuratu,gazuratu
gurtesi,gurteſia
errezel,errecela
makurrera,macurrera
orbel,orbelá
kosko,coſcoa
gauzatxo,gauzachoa
kili,quiliá
kilimelatu,quilimelatu
kilikor,quilicorra
bezo,bezoa
jostun,joſtuná
ukabil,ucabilla
lurruspe,lurruſpea
txinguka,chinguca
urgun,urgún
urgun,urguna
maki,maquia
lokazur,locazurra
mugon,mugona
loditasun,loditaſuna
ilgora,ilgorá
sinesberatasun,ſiñesberataſuna
siniskor,ſiniſcorra
sinisgarri,ſiñiſgarria
siniskizun,ſiniſquizuna
kizkurtu,quizcurtu
kizkur,quizcurra
zurra,zurra
gandor,gandorra
morroi,morroya
morroe,morroea
artze,artzeá
sukatilu,ſucatillua
krokodilo,crocodiloa
leiar,leyarrá
upela,upela
upelagile,upelaguillea
upagin,upaguiña
upeltxo,upelchoa
opots,opotſá
burruntzali,burruntzalia
aiztu,aiztua
kokorika,cócorica
alasai,alaſaya
ale,aleac
garau,garauac
zogiro,zoguiró
zurra,zurrá
zogi,zoguiá
argitsu,arguitſua
belakume,belacumea
apit,apitá
ardurati,arduratia
ziur,ciurrá
koitadu,coitadua
zikoitz,cicoitz
sugetzar,ſuguetzarra
errudun,errudun
kulpadun,culpaduna
egikaritu,eguicaritu
askidatu,aſquidatu
edaski,edaſqui
koinata,coñatá
koinata,coinatá
sendagai,ſendagaya
zaitari,zaitaria
osatzailea,oſatzallea
geritu,gueritua
geritu,gueritu
poliki,poliqui
politasun,politaſuna
sarritu,ſarritu
sarritu,ſarritua
damasko,damaſcoa
damatxo,damachoa
kaltar,caltar
atzesku,atzeſcu
kaltegile,calteguillea
bidekaitz,bidecaitza
dardara,dardará
moldesi,moldeſia
azalde,azaldea
jario,jarioa
titare,titarea
donkitu,donquitu
eskudatu,eſcudatua
eskudatzaile,eſcudatzallea
erakaitz,eracaitza
limuri,limuria
limurikor,limuricorra
labainkor,labaincorra
segail,ſegailla
mainati,mañatia
pozaldi,pozaldia
ziamartu,ciamartu
ziamartu,ciamartua
osterantzeko,oſterantzecoac
alai,alaya
trinko,trincoa
barruti,barruti
barrendu,barrendu
barrutu,barrutu
barnatu,barnatu
barrendu,barrendua
barrutu,barrutua
berezitu,berecitu
esegi,eſegui
dongaro,dongaro
likatu,licatu
likatu,licatua
amildu,amildua
erroitz,erroitza
burkaitz,burcaitza
erroiztu,erroiztu
burkaiztu,burcaiztu
amildu,amildu
erroiztu,erroiztua
zorgetu,zorguetu
desitsatsi,deſitſatſi
disidu,diſidú
moldakaizkiro,moldacaizquiró
erakaitz,eracaitzá
deslotu,deslotu
desanparatu,deſamparatu
desagertu,deſaguertu
deserrotu,deſerrotu
lasai,laſaya
zorakeria,zoraqueria
jausbetitu,jausbetitu
jausbetitu,jausbetitua
desneke,deſnequea
akastu,acaſtua
lotsabagekeria,lotſabaguequeria
lotsabagetu,lotſabaguetu
errebelatu,errebelatua
desestali,deſeſtali
desestali,deſeſtalia
desegoki,deſegoquia
erabage,erabaguea
erabagetu,erabaguetua
eskergero,eſquerguero
fidakaiztu,fidacaiztu
fidakaiztu,fidacaiztua
eskergero,eſquergueró
estalgetu,eſtalguetu
deslaitu,deslaitu
deslaitu,deslaitua
deslai,deslaya
gaitzbide,gaitzbidea
desengainatu,deſengañatu
desengainu,deſengañua
opa,opá
desloratu,desloratu
indargetu,indarguetu
altsi,altſiac
lits,litſac
desordu,deſordua
berdinez,berdiñeza
desberdindu,desberdindu
aldaro,aldaroa
doan,doan
maskaldu,maſcaldu
desleialtasun,desleyaltaſuna
irrista,irriſta
labaintegi,labainteguia
limuritu,limuritu
irristatu,irriſtatu
kandu,candua
kandutu,candutua
traskil,traſquilla
desmaiatu,deſmayatu
maskal,maſcala
baldan,baldaná
neurkaitz,neurcaitza
erbestetu,erbeſtetu
atzerritu,atzerritu
desobeditu,deſobeditu
kimatu,quimatu
babil,babilla
bitezar,bitezarra
alatu,alatu
alaitasun,alaitaſuna
pilatu,pillatu
tiragale,tiragaleac
soildu,ſoildu
lokabe,locabea
urruindu,urruindu
urruin,urruña
jalki,jalqui
txorakeria,choraqueria
odolustu,odoluſtu
odolgabetu,odolgabetu
itoiti,itoitia
deserritu,deſerritu
deserritu,deſerritua
atzerritu,atzerritua
deserri,deſerria
erbeste,erbeſtea
itsumutil,itſumutila
zorabiatu,zorabiatu
zorabia,zorabia
lotsabagetasun,lotſabaguetaſuna
alderagin,alderaguin
okertu,oquertu
gaitzesgarri,gaitzeſgarria
deboto,devotoa
enaseria,enaſeria
akabaila,acaballa
biaramon,biaramona
deabrudun,deabruduna
apaizurren,apaizurrena
dialektika,dialectica
arturgi,arturguia
lotazil,lotacilla
trebero,trebero
urribiza,urribiza
banaita,banaitá
txegosi,chegoſi
txegosi,chegoſia
jatorri,jatorri
ekauta,ecauta
ekautu,ecautu
ekautu,ecautua
zuzendari,zucendaria
artezari,artezaria
zogiro,zoguiro
zogi,zoguia
moldegabe,moldegabea
zuriketa,zuriqueta
erkindu,erquindu
erkindu,erquindua
epakera,epaquera
bidasti,bidaſtia
mugape,mugapea
banaita,banaita
egurastu,eguraſtu
berezitu,berecitua
erlakaizten,erlacaiztena
tolestu,toleſtu
tolestatu,toleſtatu
toleskor,toleſcorra
amabizko,amabizcoa
errazkiro,errazquiro
ikasarazi,icaſaraci
ikaserazo,icaſerazo
atzipe,atzipea
menpetu,mempetu
logur,logurac
logura,logura
loguratu,loguratu
lotegi,loteguia
enura,enurá
progu,progua
duende,duendea
elizai,elizaya
bolingozo,bolingozoa
eztitu,eztitu
arge,arguea
adina,adiná
andeza,andeza
ekida,equida
ekidatu,equidatu
ekantza,ecanza
irakurtza,iracurtza
irakurgarri,iracurgarria
jatorri,jatorria
baira,baira
zingira,cinguira
eragozketa,eragozqueta
bialkin,bialquiña
baira,bairá
bultzada,bultzada
sarrera,ſarrera
puztu,puztu
nabartu,navartua
imina,imiña
katranbilatu,catrambillatu
senartu,ſenartu
mutuarazi,mutuaraci
lotsati,lotſatia
papereztu,papereztu
bultzatu,bultzatu
bultzada,bulzada
gaizkiagotu,gaizquiagotu
amorratu,amorratua
enplasto,emplaſtoa
pozoitu,pozoitua
euskarri,euſcarria
ihakin,ihaquina
neu,neu
aurrerakoan,aurreracoan
besterendu,beſterendu
besterendu,beſterendua
maitakiro,maitaquiro
kateatu,cateatu
kateatu,cateatua
zorabiatu,zorabiatua
kareztatu,careztatu
kareztatu,careztatua
bideratu,bideratu
bideratu,bideratua
kandutu,candutu
erkitu,erquitu
aurkeztu,aurqueztua
garestitu,gareſtitua
garestia,gareſtia
zumitz,zumitza
sustraitu,ſuſtraitu
oi,oyac
kizkurtu,quizcurtua
gandortu,gandortu
gandortu,gandortua
adastu,adaſtua
upeleratu,upeleratu
upeleratu,upeleratua
erpindu,erpindu
erpindu,erpindua
adi,adiac
adiakatu,adiacatu
gaizkindu,gaizquindu
gaizkindu,gaizquindua
zurkaitz,zurcaitza
likabra,licabra
areriotasun,areriotaſuna
areriotu,areriotu
eritegi,eriteguia
erizain,erizaina
gaiso,gaiſoa
galantu,galantu
galantu,galantua
engainakor,engañacorra
atzipetzaile,atzipetzallea
atzipetu,atzipetu
zilibokatu,cilibocatu
ziliboka,ciliboca
bairatsu,bairatſua
kakoatu,cacoatu
gartza,gartzá
zalerazo,zalerazo
txoratu,choratu
biskatu,biſcatu
leinargitu,leñarguitua
suminkor,ſumincorra
gartingatu,gartingatu
sareztatu,ſareztatu
katranbila,catrambilla
naspiltsu,naſpilſua
marranga,marrangá
erlasdura,erlaſdurá
surmur,ſurmurra
zabaltzaile,zabaltzallea
odoldu,odoldu
saiatu,ſayatua
urdetu,urdetu
otailugile,otalluguillea
otailu,otallu
otailutu,otallutua
elbarritu,elbarritua
adiurre,adiurrea
estiba,eſtiba
zuntoi,zuntoya
arrabiatu,arrabiatu
ordurako,orduraco
entregatu,entregatu
bakandu,bacandu
arretu,arretu
arretu,arretua
pozoitu,pozoitu
ondamu,ondamua
txertatu,chertatu
eztitu,eztitua
txerto,chertoa
aserrarazi,aſſerraraci
titulo,titulo
begitandu,beguitandua
triku,tricua
morkotz,morcotza
mortuar,mortuarra
bakartar,bacartarra
liraintasun,liraintaſuna
eskabetxatu,eſcabechatu
eskabetxatu,eſcabechatua
eskala,eſcalá
eskala,eſcala
tolet,toletá
ezkatadun,ezcataduna
aterrune,aterrunea
aterraldi,aterraldia
galtxuri,galchuria
mausa,mauſa
eskapulario,eſcapularioa
kakalardo,cacalardoa
intziar,inciarrá
jorra,jorra
jorratzaile,jorratzallea
jorrari,jorraria
jorratu,jorratu
jorratu,jorratua
isekatu,iſecatua
iseka,iſeca
eskarola,eſcarola
azalpeko,azalpecoa
murri,murri
murri,murria
iruditegi,iruditeguia
loteki,lotequia
erratz,erratzá
isats,iſatſá
erratz,erratzac
ugarri,ugarria
eskopeta,eſcopeta
eskoplo,eſcoploa
zepa,cepá
lupu,lupua
bekatxu,becachua
betxindor,bechindorra
bitor,bitorra
agerkai,aguercaya
eskudatu,eſcudatu
katilu,catillua
bilakindu,billaquindu
ikasola,icaſola
ikasol,icaſolac
otailutu,otallutu
otailu,otallua
bertiste,bertiſtea
miruska,miruſca
zabar,zabarra
ezpatatu,ezpatatu
ezpatakin,ezpataquiña
ezpatagile,ezpataguillea
bildurgarri,bildurgarria
ikaragarriro,icaragarriro
koko,coco
zukurutz,zucurutza
igurikarazi,iguricaraci
ziazerba,ciacerba
arantzatu,aranzatu
bizkarrezur,bizcarrezurra
marboil,marboilla
belatxet,belachetá
ezproi,ezproya
apar,aparra
apartsu,apartſua
eskuadra,eſcuadra
eskuadroi,eſcuadroya
txartel,chartelá
azurruts,azurrutſa
muskildu,muſquildu
muskildu,muſquildua
muskil,muſquilla
kina,quina
izaira,izaira
estaki,eſtaqui
bizibide,bicibidea
bizimodu,bicimodua
zartada,zartada
zirraida,cirraida
tailu,tallua
tailuntza,tallunza
tailugile,talluguillea
tailu,taillua
estepa,eſtepa
estera,eſtera
zimaurtu,cimaurtu
goroztegi,gorozteguia
soiltasun,ſoiltaſuna
bularrezur,bularrezurra
zimaur,cimaurra
inaurkin,iñaurquina
basara,baſara
toles,toleſa
estomago,eſtomagoa
urdail,urdalla
zozabar,zozabarra
estrata,eſtrata
euskaritxo,euſcarichoa
makaldu,macaldú
makaldu,macaldua
dunbots,dumbotſa
betiro,betiró
betiraunde,betiraundea
odolbage,odolbaguea
atxa,achá
biltoki,biltoquia
lokabetu,locabetua
lokabetu,locabetu
irteera,irteera
erbeste,erbeſte
erabage,erabagué
atzetu,atzetua
ekidatzaile,equidatzallea
oialkin,oyalquiña
ipuintari,ipuintaria
txiste,chiſte
aisatu,aiſatu
nauder,nauderra
igitaitu,iguitaitu
itaitu,itaitu
igitaitu,iguitaitua
jartoki,jartoquia
anegaka,anegaca
betetzaile,betetzallea
begitandu,beguitandu
nazka,nazcá
ontarte,ontartea
ondorean,ondorean
ugariro,ugariró
ugaritu,ugaritu
narotu,narotu
ugaritu,ugaritua
zoriondu,zoriondu
felpa,felpa
sumindura,ſumindura
askai,aſcaya
epetan,epetan
supertasun,ſupertaſuna
super,ſuperrá
askai,aſcayac
buztinki,buztinquia
farragarri,farragarria
errenka,errenca
iragazi,iragacia
iragazkai,iragazcaya
keina,queina
fineza,finezá
fineza,fineza
firma,firmá
frasko,fraſco
loretxo,lorecho
loratxo,lorachoa
lorontzi,loroncia
basozai,baſozaya
loratsu,loratſua
nagiro,naguiró
lasai,laſaia
hitz jario,hitz jarioa
sutsu,ſutſua
sudun,ſuduna
iturrikintza,iturriquintza
iturrigile,iturriguillea
benaz,venaz
eskoplo,eſcoplo
zatikor,zaticorra
arragoa,arragoa
fraidetxo,fraidechoa
frasko,fraſcoa
anaitar,anaitarra
manta,manta
garbitoki,garbitoquia
erragosi,erragoſi
erragosi,erragoſia
betondo,betondoa
sarriro,ſarriro
lizardi,lizardia
igortzi,igortziac
mailar,maillarac
orritsu,orritſua
sasitu,ſaſitu
alorta,alortá
alorta,alorta
iturritxo,iturrichoa
sendoro,ſendoró
kedartsu,quedartſua
ziztatu,ciztatu
ziztatu,ciztatua
kealdi,quealdia
urtzaile,urtzallea
negargarri,negargarria
gautar,gautarra
gaiso,gaiſo
lakain,lacaña
galai,galai
galaikiro,galaiquiro
galai,galaya
galera,galera
galeoi,galeoya
kolka,colca
oilategi,ollateguia
eskalaproi,eſcalaproya
galoitu,galoitu
galopa,galopa
opa,opa
karamarro,caramarro
ganbela,gambela
ganadu,ganadua
irabazle,irabazlea
antzarkume,antzarcumea
garau,garau
garbantzu,garbantzua
garbo,garboa
gartza,garza
piztia,piztia
atzaparkada,atzaparcada
gorro,gorroa
gargara,gargara
lapar,laparra
txirrita,chirritá
koartza,coarza
basakatu,baſacatua
gabiazai,gaviazaya
gabiatxo,gaviachoa
gabieta,gavieta
mirotz,mirotza
kaio,cayoa
autsiabartza,autſiabarza
gazeta,gazeta
adia,adia
sorterro,ſorterroa
garbo,garbo
fedebagetu,fedebaguetu
keinulari,queñularia
goiante,goiantea
goianti,goiantia
karnaba,carnaba
jira,gira
ezkurdun,ezcurduna
itsaskor,itſaſcorra
eronde,erondea
elai,elaya
ukabilka,ucabilca
kolpeatu,colpeatu
kolpetxo,colpechoa
kontz,contz
mardul,mardula
txoarre,choarrea
belaungozo,belaungozoa
maila,mailla
belatxau,belachaua
belatxiki,belachiquia
aski,aſquia
garautu,garautua
aletu,aletu
garautu,garautu
aletu,aletua
altegi,alteguia
garautegi,garauteguia
garautxo,garauchoa
garau,garaua
maskuilo,maſculloa
koipe,coipea
astungarri,aſtungarria
talde,taldea
zirritu,cirritua
pitzatu,pitzatu
kirkir,quirquirra
urdinarre,urdiñarrea
zantzo,zanzoa
irrintzi,irrintzia
kurrunka,currunca
kurrunkari,curruncaria
makatz,macatza
guante,guantea
gordari,gordaria
zaindu,zaindu
gordatzaile,gordatzallea
guaiako,guayacoa
gerrazale,guerrazalea
keinada,queñada
marmar,marmar
girlanda,guirlanda
era,erá
gisatu,guiſatu
txori,choria
pozik,pocic
zintzo,cintzó
bizitegi,biciteguia
biztanle,biztanlea
bizitu,bicitu
biztandu,biztandu
erausle,erauslea
erausi,erauſia
ipuin,ipuiña
kio,quió
barregarri,barregarria
aizkorada,aizcorada
aizkolketa,aizcolqueta
oles,oles
janiza,janiza
aroi,aroya
harmonia,harmonia
arpeo,arpeoa
aida,aida
asealdi,aſealdia
otamen,otamena
alderantzi,alderancia
azao,azaoa
zuntz,zuntza
usandu,uſandua
jela,gelá
garo,garoá
pitzatu,pitzatua
belardi,belardia
belartza,belartza
belartsu,belartſua
anaitu,anaitua
legen,leguena
edarra,edarra
errementari,errementaria
burdinola,burdinola
burdinkintza,burdinquintza
zalantza,zalanza
sekere,ſequerea
idorberi,idorberia
tortika,torticá
astamenda,aſtamenda
andrakume,andracumea
putakume,putacumea
nasaigarri,naſaigarria
errenka,errencá
lits,litſa
irule,irulea
ardazle,ardazlea
ardazketa,ardazqueta
oinkatu,oincatua
puztu,puztua
maira,maira
otin,otiña
ibaizaldi,ibaizaldia
kondaira,condairá
kondairale,condairalea
nagitzar,naguitzarra
muturdun,muturduna
ostotu,oſtotu
orritu,orritu
orriztatu,orriztatu
latorri,latorria
orbel,orbela
orritxo,orrichoa
nasai,naſai
lasaikiro,laſaiquiro
lasaitasun,laſaitaſuna
gizatzar,guizatzarra
prestuez,preſtueza
onto,ontoa
ontto,ontyoa
onto,onto
perretxiku,perrechicua
urkuilo,urculloa
txingurri,chingurria
arbazt,arbaztac
barazki,barazquia
arroztegi,arrozteguia
ostalari,oſtalaria
igitai,iguitaya
muturkatu,muturcatua
goldari,goldaria
aztarna,aztarna
arraultza,arraultza
bustiro,buſtiroa
unore,unorea
ezabizi,ezabicia
lapurreria,lapurreria
lapurreta,lapurreta
usandu,uſandu
lusuil,luſulla
hizkunde,hizcundea
jakinez,jaquiñeza
zeagi,ceaguia
argidortar,arguidortarra
ekantza,ecanzá
tailuntza,talluntza
iman,imaná
aldaira,aldaira
bakoiti,bacoiti
bultzatu,bulzatu
bultzatu,bulzatua
maukera,mauquera
lumabage,lumabaguea
moldizkira,moldizquira
moldiztegi,moldizteguia
mugidalda,muguidaldá
mugidaldatu,muguidaldatu
mugidaldatu,muguidaldatua
moldizkiratu,moldizquiratu
moldizkiratu,moldizquiratua
irain,iraina
kontraesan,contraeſana
bulka,bulcá
sualdi,ſualdia
epaiketa,epaiqueta
ezagutezin,ezaguteciña
arradiza,arradiza
askatezin,aſcateciña
aldun,alduna
ondobage,ondobague
toles,toleſá
egikaritu,eguicaritua
betzigo,betzigoa
berritzaile,berritzallea
gelkaitz,guelcaitza
bilakindu,billaquindua
arbiska,arbiſcá
begiratzaile,beguiratzallea
gogargi,gogarguia
lankai,lancaya
garaitezin,garaiteciña
megope,megopea
intentzio,intencioa
maltzur,maltzurra
baliobagetu,baliobaguetu
baliobage,baliobaguea
negutegi,neguteguia
negutu,negutu
ikusezin,icuſeciña
arrendu,arrendu
arrendu,arrendua
kio,quio
uztargi,uztarguia
narrikatu,narricatu
narrikatu,narricatua
ugarte,ugartea
ugartear,ugartearra
berriztu,berriztu
itegi,iteguia
moredin,morediná
dina,dina
txarrotxo,charrochoa
nabarri,navarria
kaiola,cayola
orron,orrona
orron,orronac
goianti,goyantia
jipoe,jipoea
aizaro,aizaroa
ekadoi,ecadoya
jokada,jocada
biraudun,birauduna
lauburu,lauburu
lanari,lanaria
lantegi,lanteguia
atxurkintza,achurquintza
aldez alde,aldez alde
adrailu,adrallua
makartsu,macartſua
tolare,tolarea
surangila,ſuranguilla
sugalinda,ſugalinda
negartsu,negartſua
miliskatu,milliſcatu
miliskatu,milliſcatua
lamia,lamia
argiontzi,arguiontzia
lapaz,lapaza
lanparda,lampardá
iledun,illeduna
trantze,trance
zardai,zardaya
otarrain,otarraina
otarraintxo,otarrainchoa
adina,adiña
lupetz,lupetz
lapitz,lapitzá
koipatu,coipatu
koipatu,coipatua
luzaer,luzaerac
urrikari,urricaria
errukigarri,erruquigarria
kupidagarri,cupidagarria
lata,lata
zartadako,zartadacoa
sarritan,ſarritan
garbiketa,garbiqueta
txuriketa,churiqueta
lasaigarri,laſaigarri
laiatu,layatua
laiari,layaria
itsumutil,itſumutilla
orapilo,orapillo
leialkiro,leyalquiro
erbikume,erbicumea
elizke,elizquea
jakinez,jaquineza
elizke,elizque
misto,miſtoa
geldiera,gueldiera
egurkintza,egurquintza
egurgile,egurguillea
egurkin,egurquiña
legenar,leguenarra
legenartsu,leguenartſua
lotarki,lotarquia
lotargia,lotarguia
askojakin,aſcojaquiña
arintxo,arincho
lisiba,liſiba
gobada,gobada
ekarraizko,ecarraizcoa
lokabetzaile,locabetzallea
librugile,libruguillea
limosnagile,limoſnaguillea
zintzatu,cintzatu
linazi,liñacia
txukunkiro,chucunquiro
txukunkeria,chucunqueria
karramatu,carramatu
erbatz,erbatza
ataburu,ataburua
basaku,baſacua
leunkiro,leunquiro
lista,liſta
zerrenda,cerrenda
zerrendatu,cerrendatua
leuntasun,leuntaſuna
zain belar,zain belarra
lantu,lantua
erosta,eroſta
laratz,laratza
laratzu,laratzua
elder,eldera
betero,betero
eroakizun,eroaquizuna
naro,naroac
negargile,negarguillea
negartu,negartua
euritsu,euritſua
txitxare,chicharea
loro,loroa
isats,iſatſac
burruka,burruca
burrukari,burrucaria
argiro,arguiro
argidun,arguiduna
beta,beta
ilberri,ilberria
ilgora,ilgora
alditsu,alditſua
lupu,lupuá
maka,maca
makatu,macatu
lorontzi,lorontzia
maka,macá
damandre,damandrea
mataza,mataza
kaudan,caudaná
eltasun,eltaſuna
maisukiro,maiſuquiro
maizter,maizter
maisukeria,maiſuqueria
urdaiazpiko,urdaiazpicoa
matutia,matutia
artadi,artadia
dongetasun,donguetaſuna
gaiztotasun,gaiztotaſuna
madarikazio,madaricacioa
dongetu,donguetu
sasite,ſaſitea
aidurkeria,aidurqueria
aidur,aidurra
maila,malla
trailu,traillua
gaiztratatu,gaiztratatu
gaiztratatu,gaiztratatua
mama,mamá
mama,mama
edoskaldi,edoſcaldia
jario,jarió
mankatu,mancatu
natu,natua
natutu,natutu
urrilo,urriloa
erara,erará
agerle,aguerlea
metatxo,metachoa
eskuzorro,eſcuzorroa
eskukatu,eſcucatu
elbarritasun,elbarritaſuna
maltsotasun,malſotaſuna
burusi,buruſia
zamau,zamaua
bitxilora,bichilora
zintzoro,cintzoró
makilatu,maquilatu
oparo,oparo
sasidi,ſaſidia
zipa,cipá
marai,marai
mirari,mirari
uxaldu,uſyaldu
altiste,altiſtea
ubazter,ubazterrá
marisa,mariſa
marixa,mariſya
itsastar,itſaſtarra
magurio,magurioa
musar,muſarra
artemein,artemeiñ
mailukada,mallucada
mailukari,mallucaria
martineta,martiñeta
epail,epailla
zorna,zorná
amatar,amatarra
emasabeldar,emaſabeldarra
etxandre,echandrea
kontrabando,contrabando
maukari,maucaria
mordo,mordoa
orril,orrilla
nagusitu,naguſitu
ozentatu,ocentatu
artaburu,artaburua
prestuezkeria,preſtuezqueria
metailu,metallua
sendakin,ſendaquiña
obaldi,obaldia
damorri,damorria
biki,biquia
bizki,bizquia
muxika,muxica
gogoangarri,gogoangarria
oroikarri,oroicarria
oroitza,oroitza
aitamen,aitamena
premiadun,premiaduna
bederik,bederic
edolarik,edolaric
gezurtxo,guezurchoa
harmonia,harmonìa
nasbage,nasbague
onkaitu,oncaitu
onkaitu,oncaitua
onkai,oncaya
mermelada,mermeladá
mero,meroa
menasta,menaſtá
metailu,metaillua
tximu,chimua
mielka,mielcá
katuarrai,catuarraya
miraritsu,miraritſua
zume,zumea
menasta,menaſta
meatzari,meatzaria
txikitu,chiquitua
txikigarri,chiquigarria
begirada,beguirada
begaldi,begaldia
apoita,apoita
errukitsu,erruquitſua
nerau,nerau
misio,miſſioa
misionista,miſſioniſta
mokoka,mococa
gaztekeria,gaztequeria
mutiltzar,mutiltzarra
mutiltxo,mutilchoa
moda,moda
ganorabaga,ganorabaga
nolabait,nolabait
inola,iñola
muzin,muciña
oroldio,oroldioa
mugon,mugon
mamitsu,mamitſua
era,eraa
bakartegi,bacarteguia
estaki,eſtaquia
kaskamotz,caſcamotza
mezulari,mezularia
bidutzi,bidutzia
ezkurdi,ezcurdia
menditar,menditarra
menditxo,mendichoa
menditsu,menditſua
zaldizko,zaldizcoa
ukabilkatu,ucabilcatu
dindirri,dindirria
masusta,maſuſta
bizitegi,viciteguia
buzkantz,buzcanza
ortxikatu,orchicatu
munotxo,munochoa
hilduratu,hilduratu
mandeuli,mandeulia
eulitzar,eulitzarra
beltzuntza,belzunza
txantxagorri,chanchagorria
eltxo,elchoa
bigote,bigote
ziape,ciapea
zerba,cerba
muztiatu,muztiatu
mustio,muſtioa
muztio,muztioa
altsi,altſia
txirrit,chirritac
erabilkor,erabilcorra
mutiltxo,mutilcho
aldaira,aldairá
burnigita,burniguita
muskil,muſquilá
mundutar,mundutarra
anddere,anyerea
kirten,quirtenac
murrutu,murrutua
lapagorri,lapagorria
murmur,murmurra
mus,mus
mus,muſa
mus,muſac
dierri,dierria
lilipa,lilipa
narra,narrá
narra,narra
jaiotar,jayotarra
labana,labana
ugarotu,ugarotu
odaitsu,odaitſua
lainotsu,lañotſua
ukaera,ucaera
zumar,zumarra
zumardi,zumardia
albetxe,albechea
igebedar,iguebedarra
nini,ninia
gatzu,gatzua
leinargiti,leñarguitia
leinargi,leñarguia
intxaur saltsa,inchaur ſaltſa
intxaur,inchaurra
bakoiti,bacoitia
notario,notarioa
luberri,luberria
bigaintxa,bigaincha
orapilo,orapilloa
zenbatetu,cembatetua
igaraba,igarabá
andderusa,anyeruſa
obedierazo,obedierazo
obediarazi,obediaraci
arazo,arazo
lotsagarri,lotſagarri
arreta,arretá
mugaldi,mugaldia
mugon,mugoná
sartalde,ſartaldea
aroikeria,aroiqueria
zortziurren,zortziurrena
bildil,bildilla
pagauso,pagauſóa
iraingarri,iraingarria
begirada,beguiradá
usaitsu,uſaitſua
olibo,olivoa
olibadi,olivadia
lapikotzar,lapicotzarra
eltzekin,eltzequiña
lapikogin,lapicoguiña
lapikotxo,lapicocho
urrintsu,urrintſua
baresare,bareſarea
guzialdun,gucialduna
txolarte,cholartea
astorki,aſtorquia
aurkaratu,aurcaratu
hitzaldi,hitzaldia
ordendu,ordendu
ordendu,ordendua
jatzi,jatzia
jetzi,jetzia
jatzi,jatzi
jetzi,jetzi
egurastu,eguraſtua
akertxo,aquerchoac
urregile,urreguillea
organista,organiſta
sortaldear,ſortaldearra
sortalde,ſortaldea
ubazter,ubazterra
pixegin,piſyeguin
beldar,beldarra
pats,patſá
erranditsu,erranditſua
atezai,atezaya
ostra,oſtra
ostre,oſtrea
udazken,udazquena
udatzen,udatzena
artantzu,artanzua
oi,oi
apaidin,apaidiña
paga,paga
lastategi,laſtateguia
pala,pala
hiztxo,hizchoa
berbatxo,verbachoa
makilatu,maquillatua
makilada,maquillada
txotx,chochac
beraki,beraquia
pagauso,pagauſoa
usotxo,uſochoa
berdalatz,berdalatza
okintegi,oquinteguia
abaraska,abaraſcá
ostikada,oſticada
artale,artalea
lintzura,linzurá
eskuzapi,eſcuzapia
papeltegi,papelteguia
papertxo,paperchoa
erbinude,erbiñude
papiro,papiroa
dirualdi,dirualdia
paratzaile,paratzallea
zilibokatu,cilibocatua
barkamen,barcamena
oiandar,oyandarra
arre,arrea
iduri,iduri
begitazio,beguitacioa
antzeko,antzecoa
txanpon,champona
gordategi,gordateguia
apezaita,apezaita
zatitxo,zatichoa
bereki,berequia
gizadi,guizadia
pasmo,paſmoa
pasarte,paſſartea
pasaporte,paſaportea
ibiltari,ibiltaria
ibiltegi,ibilteguia
jaiera,jayerá
gelditxo,gueldicho
pasarte,paſartea
mozorro,mozorroa
oinkada,oincada
ipuin,ipuña
aitalen,aitalena
aitaurren,aitaurrena
pabana,pavana
geldo,gueldoa
ibilaldi,ibillaldia
nakan,nacana
petxatu,pechatu
puskatxo,puſcachoa
puskaka,puſcaca
zatika,zatica
puzker,puzquerra
moltso,molſoa
orraztari,orraztaria
orrazatu,orrazatu
orrazatu,orrazatua
motxaile,mochallea
gaitzurre,gaitzurrea
iletxo,illechoa
zabarkeria,zabarqueria
pilotakin,pillotaquiña
moltso,moltſoa
apit,apita
estandarte,eſtandartea
tantai,tantaya
barnari,barnaria
nekatsu,necatſua
atzenurren,atzenurrena
arkaizdi,arcaizdia
oinkari,oincariac
lanaldi,lanaldia
peonia,peonia
kio,quioa
mendretasun,mendretaſuna
txikitxo,chiquichoa
galera,galerá
galduan,galduan
beilari,beillaria
perrexil,perrexilla
nagiro,naguiro
bagai,bagaya
lurrin,lurrina
bilorruski,bilorruſquia
loro,loro
kaltedun,calteduna
baimendu,baimendua
betiraun,betirauna
zalantza,zalantzá
dongaro,dongaró
zakurtzar,zacurtzarra
pertsekuzio,perſecucioa
pertsegitzaile,perſeguitzallea
kaltarraitu,caltarraitu
kaltarraitu,caltarraitua
sinisterazo,ſiniſterazo
sinistarazi,ſiniſtaraci
setati,ſetatia
ameskaitz,ameſcaitza
arrantzatu,arranzatua
arrantzatu,arranzatu
masaileko,maſallecoa
ganbela,gambelá
peseta,peſeta
lepazaki,lepazaquia
arriolio,arriolioa
urrikalti,urricaltia
atxa,acha
poto,potoa
katatxori,catachoria
mokokada,mococada
zutinik,zutinic
zorroztarri,zorroztarria
arbel,arbela
botarri,botarria
jataldi,jataldia
ponte,pontea
koipetsu,coipetſua
antzestu,antzeſtua
zorristo,zorriſtoa
pipatxo,pipachoa
itsaslapur,itſaslapurra
itsaslapurreta,itſaslapurreta
gaitzete,gaitzetea
plantxa,plancha
sabi,ſabia
landatzaile,landatzallea
landaretxo,landarechoa
platano,platanoa
platertxo,platerchoa
plazatxo,plazachoa
betero,beteró
ilbete,ilbetea
lumatsu,lumatſua
lumadi,lumadia
lumatxo,lumachoa
diatu,diatu
diabetatu,diabetatu
diatu,diatua
urdandegi,urdandeguia
gutxika,guchica
lotoskinde,lotoſquindea
lotoskari,lotoſcaria
txirrita,chirrita
txortalo,chortaloa
sits,ſitſa
sutauts,ſutautſa
pozoi,pozoya
gutxitasun,guchitaſuna
gitxitxo,guichicho
portzelana,porcelana
sarbide,ſarbidea
iganbide,igambidea
bidasari,bidaſaria
geraldi,gueraldiac
egoera,egoera
menpetu,mempetua
postari,poſtaria
ondorengo,ondorengoac
auzpetu,auzpetu
auzpetu,auzpetua
zuku,zucua
poto,poto
almen,almenac
txiko,chicoa
sartaurre,ſartaurrea
preziotsu,preciotſua
baliotsu,baliotſua
amiltza,amiltza
burkaiztu,burcaiztua
amilkor,amilcorra
hitzaurre,hitzaurrea
dianagusi,dianaguſia
eldubage,eldubaguea
prentsatu,prenſatua
seindun,ſeinduna
azundu,azundu
prestaera,preſtaera
bertatiko,bertaticoa
usteko,uſtecoa
agintaldi,aguintaldia
goiartu,goyartu
garaile,garailea
bestengusu,beſtenguſua
lenengo,lenengoa
koipeztatu,coipeztatu
proba,proba
prozeso,proceſoa
barnatu,barnatua
osin,oſin
promestu,promeſtu
aztiatu,aztiatu
nasbage,nasbaguea
aurrandetu,aurrandetu
letarta,letartá
ahaika,ahaicá
ataika,ataicá
ahaikari,ahaicaria
ahaikatzaile,ahaicatzallea
ahaikatu,ahaicatu
ahaikatu,ahaicatua
mentu,mentua
agertarazi,aguertaraci
lotsagarri,lotſagarria
zubitxo,zubichoa
apote,apotea
txerri,cherri
ukabilkari,ucabilcaria
arkakuso,arcacuſoa
erpuru,erpurua
polikiro,poliquiro
txukundu,chucundu
birikeri,biriqueria
pulpitu,pulpitua
puntada,puntada
josketa,joſqueta
putazale,putazalea
mandiota,mandiota
laurdendu,laurdendu
laurdendu,laurdendua
kartoi,quartoya
geraldi,gueraldia
espa,eſpá
erraki,erraquia
gaztagin,gaztaguiña
matoi,matoyá
kontz,contza
kintal,quintalá
guante,guante
matrailezur,matraillezurra
errefautxo,errefauchoa
txarrabeta,charrabeta
arrabia,arrabia
amorreria,amorreria
arrabiatu,arrabiatua
mardo,mardoa
betar,betarrá
zuzitu,zucitua
zuzitu,zucitu
arrakada,arracada
ale,ale
ematoro,ematoroa
tantai,tantayac
basatetxe,baſatechea
gartingatu,gartingatua
gartinga,gartinga
igeltxo,iguelchoa
azerikeria,azeriqueria
bakantasun,bacantaſuna
meats,meatſa
atzapartu,átzapartu
gartxo,garchoa
arratoi,arratoya
erasti,eraſtia
arrai,arraiac
oinaztarri,oñaztarria
oinazkar,oñazcarra
arrazoi,arrazoya
berrartu,berrartu
berrartu,berrartua
zerra,cerrá
zerr,cerrac
errebote,errebotea
errezelo,erreceloa
errezeta,erreceta
errezibo,erreciboa
hitzaldiatu,hitzaldiatu
hitzaldiatu,hitzaldiatua
berjosi,berjoſi
berjosi,berjoſia
oroipen,oroipena
berjel,bergela
sarealdi,ſarealdia
saretxo,ſarechoa
saregile,ſareguillea
berterosi,berteroſia
kuturtu,cuturtua
marmariza,marmarizá
erregalotxo,erregalochoa
alderri,alderria
ikustoki,icuſtoquia
erreinutar,erreñutarra
pozkiro,pozquiro
bekaldetu,becaldetua
bertegin,berteguin
erreinaldi,erreinaldia
arbotzoi,arbotzoya
gaztetu,gaztetu
kondairagile,condairaguillea
tximista,chimiſta
elkarkide,elcarquidea
irrintzi,irrincia
erlikia,erliquia
zelaitu,celaitu
arraundu,arraundu
erremate,errematea
ihakin,ihaquin
barkagarri,barcagarria
egorle,egorlea
arraun,arrauna
muztiatu,muztiatua
alderagin,alderaguiña
birjaio,birjayo
birjaio,birjayoa
ernegatu,ernegatu
erregatu,erregatua
errentari,errentaria
larreratu,larreratu
sost,ſoſt
sosteko,ſoſtecoa
berriztu,berriztua
lauspeatu,lauſpeatu
aurkeztatu,aurqueztatu
errepublika,errepublica
nakaiztu,nacaiztua
azpildu,azpildu
azpildu,azpildua
dendatu,dendatua
gaztanbera,gaztambera
lerratoki,lerratoquia
limurtu,limurtu
labainketa,labainqueta
irristada,irriſtada
zaitza,zaitza
erresina,erreſina
erresistitu,erreſiſtitu
aldazpi,aldazpia
errespetagarri,erreſpetagarria
beakurgarri,beacurgarria
beakurtu,beacurtu
beakurtu,beacurtua
errespetotsu,erreſpetotſua
distiatzaile,diſtiatzallea
erantzuera,eranzuera
bertezarri,bertezarri
bertezarri,bertezarria
errestatu,erreſtatu
errestatu,erreſtatua
erresto,erreſtoa
erretablo,erretabloa
belutu,belutu
belutu,belutua
ganbusi,gambuſia
durundi,durundia
erausi,erauſiac
erretrato,erretratoa
balioztatu,balioztatu
agerketa,aguerqueta
eztanda egin,eztanda eguin
bertikusi,berticuſi
bertikusi,berticuſia
berdetu,verdetu
berdetu,verdetua
errebesada,errebeſada
alderantzira,alderancira
irabiatu,irabiatu
aztarriaka,aztarriaca
irabiatu,irabiatua
irabia,irabia
txepetx,chepecha
errezo,errezoa
baztertxo,bazterchoa
ebasketa,ebaſqueta
iboil,iboilla
belaunkada,belauncada
ortxikatu,orchicatua
kostoma,coſtoma
mafrundi,mafrundia
zurrungatu,zurrungatu
ugertu,uguertu
gorrina,gorrina
zartza,zarza
bortusai,bortuſaya
linai,liñaya
kurpil,curpilla
gurpil,gurpilla
ausmartu,auſmartu
ausmartu,auſmartua
maindire,maindirea
izaratxo,izarachoa
askordin,aſcordina
sakatu,ſacatu
sakatu,ſacatua
sake,ſaque
sankristia,ſancriſtia
astintzaile,aſtintzallea
saieta,ſayeta
doneti,donetia
epaitu,epaitu
epaitu,epaitua
gatzaga,gatzaga
izoki,izoquia
gaztun,gaztuna
berdel,berdela
saltari,ſaltaria
matxitxalto,machichaltoa
diosal,dioſalac
agurtzaile,agurtzallea
agurtu,agurtua
diosal,dioſala
basakeria,baſaqueria
sandalia,ſandalia
sandalo,ſandaloa
giro,guiroa
izain,izaina
odolti,odoltia
santidade,ſantidadea
donestu,doneſtu
donestatu,doneſtatu
donestu,doneſtua
donestatu,doneſtatua
santutu,ſantutua
sake,ſaquea
sakarri,ſacarria
gorni,gornia
arakarri,aracarria
zaragardun,zaragarduna
zartagia,zartaguia
satiro,ſatiroa
zarika,zaricá
sasoi,ſaſoya
adina,adina
sikatu,ſicatu
sikatu,ſicatua
goarpelari,goarpelaria
goarpe,goarpea
isilmandatu,iſilmandatuac
jartoki,jartoqui
igitari,iguitaria
jarraitzaile,jarraitzallea
aguretasun,aguretaſuna
sentigarri,ſentigarria
zentzundun,centzunduna
sentiera,ſentiera
jauntxo,jaunchoa
bereiztu,bereiztu
zazpiurren,zazpiurrena
benaz,benaz
benetan,benetan
men,mená
ben,bená
morrontza,morrontza
neskamentza,neſcamentza
bilaldi,billaldia
perretxiku,perrechicuac
zazpireun,zazpireun
siklo,ſicloa
sagardotegi,ſagardoteguia
betibizi,betibicia
baldoki,baldoquiac
mendeko,mendecoa
zazpina,zazpiña
zazpiki,zazpiquia
isiltasun,iſiltaſuna
ekantza,ecantzá
toleskabe,toleſcabe
bakardade,bacardadea
txirga,chirga
erres,erreſac
sokorru,ſocorrua
labain,labaiña
sokagile,ſocaguillea
sokatxo,ſocachoa
menperatu,memperatu
zolatu,zolatu
zolatu,zolatua
jolastu,jolaſtu
jolastu,jolaſtua
gorro,gorro
eremuar,eremuarra
solomo,ſolomoa
askatzaile,aſcatzallea
kereizpe,quereizpea
zintzatu,cintzatua
soinutxo,ſoñuchoa
ozentasun,ocentaſuna
idarokitzaile,idaroquitzallea
amesgile,amesguillea
loguratu,loguratua
zopatxo,zopachoa
aizeman,aiceman
aizegin,aiceguin
zurrupatu,zurrupatu
zurrupatu,zurrupatua
zurrut,zurrutá
zurrut,zurruta
zurrupa,zurrupa
gorraldi,gorraldia
beiraki belar,beiraqui belarra
aierukor,ayerucorra
irozo,irozoa
sotana,ſotana
aizape,aizapea
etxape,echapea
lurpetu,lurpetu
lurpetu,lurpetua
igoera,igoera
isilpeko,iſilpecoa
ordeztatu,ordeztatu
izerkari,icercaria
orue,oruea
askaera,aſcaera
gazur,gazurá
nolerebait,nolerebait
sufredun,ſufreduna
sufretsu,ſufretſua
nagusialdi,naguſialdia
usbetatu,usbetatu
asberatu,asberatu
asbera,asbera
susto,ſuſtoa
surrauts,ſurrautſa
arnotegi,arnoteguia
oltxo,olchoa
oltzar,oltzarra
isil,iſilla
trago,trago
alatzar,alatzarra
txal,chala
arbel,arbelá
tamaina,tamaña
arbazta,arbazta
tamarindo,tamarindoa
danbolin,damboliña
danbolindari,dambolindaria
txanda,chanda
tapitu,tapitua
danba,damba
tarantula,tarantula
belukor,belucorra
txanpon,champoná
tartiku,tarticua
azkonar,azconarra
edontzi,edoncia
teilape,tellapea
eutegi,euteguia
aduana,aduana
okerka,oquerca
giro,guiroá
eraldi,eraldia
kurrika,currica
eusle,euslea
ganbusi,gambuſi
abots,abotſa
zekor,cecorra
txekor,checorra
zekorki,cecorquia
sabai,ſabaya
lurrikara,lurricara
jomuga,jomuga
zokor,zocorra
larrantz,larranza
sendoro,ſendoro
katamotz,catamotza
guraize,guraiceac
astigar,aſtigarra
lemari,lemaria
lemazain,lemazaina
hiruki,hiruquia
tintontzi,tintoncia
tirakai,tiracaya
tirakai,tiracayac
tiraldi,tiraldia
erakai,eracaya
orgatila,orgatilla
ibiki,ibiquiac
ukiera,uquiera
tokatu,tocatu
astotxo,aſtocho
tolet,toletac
tomate,tomatea
ezkai,ezcaya
tomo,tomoa
topatu,topatu
lepitxuli,lepichulia
zozo,zozoa
zezendari,cecendaria
toreatzaile,toreatzallea
toreatu,toreatu
matxitxukalde,machichucalde
usatortola,uſatortola
txaberama,chaberamá
txigortu,chigortu
erratz,erratza
auzalan,auzalana
zilibokari,cilibocaria
trago,tragoa
tragotxo,tragochoa
salkindari,ſalquindaria
trantze,trancea
bestiruditu,beſtiruditu
erraldatu,erraldatu
eraldatu,eraldatu
eraldatu,eraldatua
aizapi,aizapia
danbadako,dambadacoa
ondoren,ondoren
duende,duende
zeargi,cearguia
motxaldi,mochaldia
dendoste,dendoſtea
bultzatu,bultzatua
trataera,trataera
tratulari,tratularia
sareztatu,ſareztatua
txirikorda,chiricorda
txirikordatu,chiricordatu
adastu,adaſtu
txirikordatu,chiricordatua
trailatu,traillatu
irabiur,irabiurra
txoriburu,choriburu
trinkete,trinquetea
buzkantz,buzcantza
estaki,eſtaquiac
sabelandi,ſabelandia
tripandi,tripandia
trinkete,trinquete
trukatzaile,trucatzallea
okatu,ocatu
troglodita,troglodita
zorten,zortena
zurtoin,zurtoina
aldor,aldorra
jargoi,jargoya
puskatu,puſcatua
ostots,oſtotſa
truke,truquea
tulipai,tulipaya
tapitu,tapitu
arretasun,arretaſuna
turroi,turroya
aputio,aputioa
adarbakotx,adarbacocha
gantzatsu,gantzatſua
atzazal,atzazala
karramintx,carramincha
basazezen,baſacecena
sabelkide,ſabelquideac
zalantza,zalantza
orron,orroná
magi,maguia
zigorkada,cigorcada
bezino,vecinoa
zarkeria,zarqueria
bigiria,biguiria
bilorri,bilorria
garaipen,garaipena
benda,vendá
beneno,venenoa
beneno,veneno
zaintsu,zaintſua
salera,ſalera
sabeltxo,ſabelchoa
baldinbere,baldimbere
udaldi,udaldia
ben,benac
berjel,vergela
egiaztatu,eguiaztatu
libruzai,libruzaya
lotots,lototſac
maskuri,maſcuria
bezo,bezo
bidajari,bidajaria
zirau,cirau
alderantziz,alderanciz
bitor,vitor
biziera,biciera
beirategi,beirateguia
beiragile,beiraguillea
aguretxo,agurechoa
atsokeria,atſoqueria
bilaukeria,billauqueria
ardozale,ardozalea
benetan,venetan
biola,biola
biolin,biolina
biolinista,bioliniſta
baztanga,baztanga
zorna,zorna
istinga,iſtingá
biskatsu,biſcatſua
likatsu,licatſua
ikuskera,icuſquera
ikusketa,icuſqueta
ikustamen,icuſtamena
ikustaldi,icuſtaldia
bisitazale,viſitazalea
ikustatu,icuſtatu
ikustatu,icuſtatua
elkargo,elcargoac
bizitasun,bicitaſuna
bizikor,bicicorra
bizkotxo,bizcocho
bizkondesa,vizcondeſa
egaari,egaaria
sutokari,ſutocaria
birakor,biracorra
azkenai,azquenaya
gurata,gurata
zorerazo,zorerazo
abots,abots
iraulketa,iraulqueta
egaan,egaan
birunka,birunca
txalma,chalma
txara,chara
txara,chará
beresi,bereſia
txaradi,charadia
sareta,ſareta
lastaira,laſtaira
kosna,coſnaá
siringa,ſiringa
ziringa,ciringa
txibia,chibia
ezade,ezadea
gonazpiko,gonazpicoa
zanbo,zamboa
zankarte,zancartea
zanbo,zambo
sandalo,ſandalo
zanga,zanga
zapatagile,zapataguillea
zapi,zapi
zaragoil,zaragollac
artzatu,artzatua
zirtzilu,circillua
zarp,zarpac
zerri,cerri
sasitsu,ſaſitſua
atzeki,atzequia
zalke,zalquea
sits,ſits
zozo,zozo
ezkerti,ezquertia
zurratu,zurratu
