item	izenburua	egile_izena	bertsioa	testu_orria	kodea
Q2163	Ipuinak	Agustin Iturriaga	Q2162	https://monumenta.wikibase.cloud/wiki/Testua:IturriagaIpuinak/TEI	IturriagaIpuinak
Q2151	Koplak	Beñat Mardo	Q2150	https://monumenta.wikibase.cloud/wiki/Testua:MardoKoplak/TEI	MardoKoplak
Q2155	Koplak	Jean-Baptiste Elizanburu	Q2154	https://monumenta.wikibase.cloud/wiki/Testua:ElizanburuJBKoplak/TEI	ElizanburuJBKoplak
Q2159	Koplak	Piarres Ibarrart	Q2158	https://monumenta.wikibase.cloud/wiki/Testua:IbarrartKoplak/TEI	IbarrartKoplak
Q2165	Koplak	Joanes Otxalde	Q2164	https://monumenta.wikibase.cloud/wiki/Testua:OtxaldeKoplak/TEI	OtxaldeKoplak
Q2099	Uztaro	Tomas Agirre	Q2098	https://monumenta.wikibase.cloud/wiki/Testua:BarrensoroUztaro/TEI	BarrensoroUztaro
Q2113	Debozino eskuarra	Joannes Haranburu	Q2112	https://monumenta.wikibase.cloud/wiki/Testua:HaranburuDebozino/TEI	HaranburuDebozino
Q2121	Ipui onak	Bizenta Mogel	Q2120	https://monumenta.wikibase.cloud/wiki/Testua:MogelBIpuionak/TEI	MogelBIpuionak
Q2131	Euskal lanak	Arturo Kanpion	Q2130	https://monumenta.wikibase.cloud/wiki/Testua:Kanpion/TEI	Kanpion
Q2179	Koplak	Jean-Baptiste Larralde	Q2178	https://monumenta.wikibase.cloud/wiki/Testua:LarraldeJBKoplak/TEI	LarraldeJBKoplak
Q2169	Jesu-Kristoren imitazionea	Michel Churio	Q2168	https://monumenta.wikibase.cloud/wiki/Testua:XurioImitazionea/TEI	XurioImitazionea
Q2135	Noelak	Joanes Etxeberri (Ziburukoa)	Q2134	https://monumenta.wikibase.cloud/wiki/Testua:EtxebZibuNoelak/TEI	EtxebZibuNoelak
Q2125	Eguren Jaunaren Metodoa	Klaudio Otaegi	Q2124	https://monumenta.wikibase.cloud/wiki/Testua:OtaegiKEguren/TEI	OtaegiKEguren
Q2175	Beste zenbat itzulpen	Klaudio Otaegi	Q2174	https://monumenta.wikibase.cloud/wiki/Testua:OtaegiKItzulpenak/TEI	OtaegiKItzulpenak
Q2093	Aurrendako dostatzia	Federiko Garralda	Q2092	https://monumenta.wikibase.cloud/wiki/Testua:GarraldaDostatzia/TEI	GarraldaDostatzia
Q2177	Bertsoak	Jean-Baptiste Kamusarri	Q2176	https://monumenta.wikibase.cloud/wiki/Testua:Kamusarri/TEI	Kamusarri
Q2167	Laborarien abisua	Jean Pierre Xabalgoiti	Q2166	https://monumenta.wikibase.cloud/wiki/Testua:XabalgoitiLaborarien/TEI	XabalgoitiLaborarien
Q2123	Gipuzkoako probintziaren kondaira	Juan Ignazio Iztueta	Q2122	https://monumenta.wikibase.cloud/wiki/Testua:IztuetaGipuzkoa/TEI	IztuetaGipuzkoa
Q2171	Olerkiak	Juan Ignazio Iztueta	Q2170	https://monumenta.wikibase.cloud/wiki/Testua:IztuetaOlerkiak/TEI	IztuetaOlerkiak
Q2101	Peru Abarka	Joan Antonio Mogel	Q2100	https://monumenta.wikibase.cloud/wiki/Testua:MogelJAAbarka/TEI	MogelJAAbarka
Q2137	Testamen berriko historioa	Bernard Larregi	Q2136	https://monumenta.wikibase.cloud/wiki/Testua:LarregiBerriko/TEI	LarregiBerriko
Q2127	Txindor	Emeterio Arrese	Q2126	https://monumenta.wikibase.cloud/wiki/Testua:ArreseETxindor/TEI	ArreseETxindor
Q2141	Beste zenbat itzulpen	Jean Duvoisin	Q2140	https://monumenta.wikibase.cloud/wiki/Testua:DuvoisinItzulpenak/TEI	DuvoisinItzulpenak
Q2117	Marijaren illa	Jose Antonio Uriarte	Q2116	https://monumenta.wikibase.cloud/wiki/Testua:UriarteIlla/TEI	UriarteIlla
Q2145	Beste zenbat itzulpen	Jose Antonio Uriarte	Q2144	https://monumenta.wikibase.cloud/wiki/Testua:UriarteItzulpenak/TEI	UriarteItzulpenak
Q2095	Igande eta festegunetarako irakurraldiak	Sebastian Mendiburu	Q2094	https://monumenta.wikibase.cloud/wiki/Testua:MendiburuIgande/TEI	MendiburuIgande
Q2103	Jesusen amore-nekeei dagozten zenbait otoitzgai (I)	Sebastian Mendiburu	Q2102	https://monumenta.wikibase.cloud/wiki/Testua:MendiburuOtoitzI/TEI	MendiburuOtoitzI
Q2119	Ixtorio eta ipuinak	Jean Elizalde	Q2118	https://monumenta.wikibase.cloud/wiki/Testua:ZerbitzariIxtorio/TEI	ZerbitzariIxtorio
Q2133	Kalendrera	Joanes Leizarraga	Q2132	https://monumenta.wikibase.cloud/wiki/Testua:LeizarragaKalen/TEI	LeizarragaKalen
Q2147	Olerkiak	Nikolas Ormaetxea	Q2146	https://monumenta.wikibase.cloud/wiki/Testua:OrixeOlerkiak/TEI	OrixeOlerkiak
Q2173	Kristauaren doktrina	Agustin Kardaberaz	Q2172	https://monumenta.wikibase.cloud/wiki/Testua:KardaberazDoktrina/TEI	KardaberazDoktrina
Q2143	Olerkiak	Juan Arana	Q2142	https://monumenta.wikibase.cloud/wiki/Testua:LoramendiOlerkiak/TEI	LoramendiOlerkiak
Q2115	Ixtorio-mixterio	Jean Barbier	Q2114	https://monumenta.wikibase.cloud/wiki/Testua:BarbierMixterio/TEI	BarbierMixterio
Q2129	Jesu Kristoren eta Ama Birjinaren bizitzak	Joakin Lizarraga	Q2128	https://monumenta.wikibase.cloud/wiki/Testua:LizarragaKristoBirjina/TEI	LizarragaKristoBirjina
Q2153	Koplak	Joakin Lizarraga	Q2152	https://monumenta.wikibase.cloud/wiki/Testua:LizarragaKoplak/TEI	LizarragaKoplak
Q2157	Sermoiak	Joakin Lizarraga	Q2156	https://monumenta.wikibase.cloud/wiki/Testua:LizarragaSermoiak/TEI	LizarragaSermoiak
Q2161	Beste zenbait itzulpen	Joakin Lizarraga	Q2160	https://monumenta.wikibase.cloud/wiki/Testua:LizarragaItzulpenak/TEI	LizarragaItzulpenak
Q2149	Bertsoak	Udarregi	Q2148	https://monumenta.wikibase.cloud/wiki/Testua:Udarregi/TEI	Udarregi
Q1535	Batxi Guzur	Resurreccion Maria Azkue	Q1534	https://monumenta.wikibase.cloud/wiki/Testua:AzkueRGuzur/TEI	AzkueRGuzur
Q1545	Ortzuri	Resurreccion Maria Azkue	Q1544	https://monumenta.wikibase.cloud/wiki/Testua:AzkueROrtzuri/TEI	AzkueROrtzuri
Q1475	O.ten gaztaroa neurtitzetan	Arnaut Oihenart	Q1474	https://monumenta.wikibase.cloud/wiki/Testua:OihenartNeurtitzak/TEI	OihenartNeurtitzak
Q1543	Jesu Kristoren lau ebanjelioak batera alkarturik	Pedro Antonio Añibarro	Q1542	https://monumenta.wikibase.cloud/wiki/Testua:AnibarroAlkarturik/TEI	AnibarroAlkarturik
Q1647	Esku-liburua	Pedro Antonio Añibarro	Q1646	https://monumenta.wikibase.cloud/wiki/Testua:AnibarroEskuliburua/TEI	AnibarroEskuliburua
Q1489	Gipuzkoako dantza gogoangarrien kondaira	Juan Ignazio Iztueta	Q1488	https://monumenta.wikibase.cloud/wiki/Testua:IztuetaDantza/TEI	IztuetaDantza
Q1467	Konfesino ona	Joan Antonio Mogel	Q1466	https://monumenta.wikibase.cloud/wiki/Testua:MogelJAKonfesino/TEI	MogelJAKonfesino
Q1503	Kristaubaren ikasbidea	Joan Antonio Mogel	Q1502	https://monumenta.wikibase.cloud/wiki/Testua:MogelJAIkasbidea/TEI	MogelJAIkasbidea
Q1643	Ipuinak	Joan Antonio Mogel	Q1642	https://monumenta.wikibase.cloud/wiki/Testua:MogelJAIpuinak/TEI	MogelJAIpuinak
Q1659	Kristau Erakasle Euskalduna	Joan Antonio Mogel	Q1658	https://monumenta.wikibase.cloud/wiki/Testua:MogelJAErakasle/TEI	MogelJAErakasle
Q1593	Azti-begia eta beste izkribu zenbait	Agosti Xaho	Q1592	https://monumenta.wikibase.cloud/wiki/Testua:XahoAzti/TEI	XahoAzti
Q1591	Yolanda	Pierre Lhande	Q1590	https://monumenta.wikibase.cloud/wiki/Testua:LhandeYolanda/TEI	LhandeYolanda
Q1491	Olerkijak	Sabino Arana Goiri	Q1490	https://monumenta.wikibase.cloud/wiki/Testua:AranaSOlerkijak/TEI	AranaSOlerkijak
Q1623	Euskal ipuinak	Wentworth Webster	Q1622	https://monumenta.wikibase.cloud/wiki/Testua:Webster/TEI	Webster
Q1465	Eun dukat	Manuel Lekuona	Q1464	https://monumenta.wikibase.cloud/wiki/Testua:LekuonaMDukat/TEI	LekuonaMDukat
Q1469	Bertso jarri guztiak	Jose Manuel Lujanbio	Q1468	https://monumenta.wikibase.cloud/wiki/Testua:Txirrita/TEI	Txirrita
Q1471	Matxin mungiarra	Pillipa Zugatzaga	Q1470	https://monumenta.wikibase.cloud/wiki/Testua:ZutagapeMatxin/TEI	ZutagapeMatxin
Q1473	Arima penitentearen okupazione debotak	Joan Tartas	Q1472	https://monumenta.wikibase.cloud/wiki/Testua:TartasArima/TEI	TartasArima
Q1539	Onsa hilzeko bidia	Joan Tartas	Q1538	https://monumenta.wikibase.cloud/wiki/Testua:TartasOnsa/TEI	TartasOnsa
Q1553	Hunkailü berrien enthelegia Ziberuko laborarier	Jean-Baptiste Althabe	Q1552	https://monumenta.wikibase.cloud/wiki/Testua:AlthabeHunkailu/TEI	AlthabeHunkailu
Q1555	Jesu Kristoren Imitazionea	Aranbillaga	Q1554	https://monumenta.wikibase.cloud/wiki/Testua:AranbillagaImitazionea/TEI	AranbillagaImitazionea
Q1791	Urlo	Resurreccion Maria Azkue	Q1790	https://monumenta.wikibase.cloud/wiki/Testua:AzkueRUrlo/TEI	AzkueRUrlo
Q1859	Latsibi	Resurreccion Maria Azkue	Q1858	https://monumenta.wikibase.cloud/wiki/Testua:AzkueRLatsibi/TEI	AzkueRLatsibi
Q1815	Iesusen imitazionea	Silvain Pouvreau	Q1814	https://monumenta.wikibase.cloud/wiki/Testua:PouvreauImitazionea/TEI	PouvreauImitazionea
Q1675	Geroko Gero	Pedro Antonio Añibarro	Q1674	https://monumenta.wikibase.cloud/wiki/Testua:AnibarroGero/TEI	AnibarroGero
Q1845	Paskalen gogamenak	Joan Antonio Mogel	Q1844	https://monumenta.wikibase.cloud/wiki/Testua:MogelJAPaskal/TEI	MogelJAPaskal
Q1881	Konfesio ta komunioko sakramentuen gañean erakasteak	Joan Antonio Mogel	Q1880	https://monumenta.wikibase.cloud/wiki/Testua:MogelJAErakusaldiak/TEI	MogelJAErakusaldiak
Q1729	Ziberuko botanika edo lantharen jakitatia	Jean-Baptiste Althabe	Q1728	https://monumenta.wikibase.cloud/wiki/Testua:AlthabeBotanika/TEI	AlthabeBotanika
Q1745	Arrats Beran	Estepan Urkiaga	Q1744	https://monumenta.wikibase.cloud/wiki/Testua:LauaxetaArrats/TEI	LauaxetaArrats
Q1779	Poema itzuliak	Estepan Urkiaga	Q1778	https://monumenta.wikibase.cloud/wiki/Testua:LauaxetaItzuliak/TEI	LauaxetaItzuliak
Q1679	Ostegun gizena	Antonio Maria Labaien	Q1678	https://monumenta.wikibase.cloud/wiki/Testua:LabaienOstegun/TEI	LabaienOstegun
Q1687	Txinparta buruzagi	Antonio Maria Labaien	Q1686	https://monumenta.wikibase.cloud/wiki/Testua:LabaienTxinparta/TEI	LabaienTxinparta
Q1737	Iruñxeme	Antonio Maria Labaien	Q1736	https://monumenta.wikibase.cloud/wiki/Testua:LabaienIrunxeme/TEI	LabaienIrunxeme
Q1773	Muga	Antonio Maria Labaien	Q1772	https://monumenta.wikibase.cloud/wiki/Testua:LabaienMuga/TEI	LabaienMuga
Q1795	Euskal-eguna	Antonio Maria Labaien	Q1794	https://monumenta.wikibase.cloud/wiki/Testua:LabaienEuskalEguna/TEI	LabaienEuskalEguna
Q1807	Malentxo alargun	Antonio Maria Labaien	Q1806	https://monumenta.wikibase.cloud/wiki/Testua:LabaienMalentxo/TEI	LabaienMalentxo
Q1743	Zenbeit sainduen bizitzea	Bernard Larregi	Q1742	https://monumenta.wikibase.cloud/wiki/Testua:LarregiSainduen/TEI	LarregiSainduen
Q1827	Olerki berrizte	Emeterio Arrese	Q1826	https://monumenta.wikibase.cloud/wiki/Testua:ArreseEBerrizte/TEI	ArreseEBerrizte
Q1703	Ezkondu ezin ziteken mutila	Jose Mari Agirre	Q1702	https://monumenta.wikibase.cloud/wiki/Testua:LizardiEzkondu/TEI	LizardiEzkondu
Q1849	Euskera aundiki-soñekoz	Jose Mari Agirre	Q1848	https://monumenta.wikibase.cloud/wiki/Testua:LizardiAundiki/TEI	LizardiAundiki
Q1761	Liburu ederra	Jean Duvoisin	Q1760	https://monumenta.wikibase.cloud/wiki/Testua:DuvoisinEderra/TEI	DuvoisinEderra
Q1993	Bein da betiko	Resurreccion Maria Azkue	Q1992	https://monumenta.wikibase.cloud/wiki/Testua:AzkueRBetiko/TEI	AzkueRBetiko
Q2023	Vizcaytik Bizkaira	Resurreccion Maria Azkue	Q2022	https://monumenta.wikibase.cloud/wiki/Testua:AzkueRBizkaira/TEI	AzkueRBizkaira
Q2037	Ardi galdua	Resurreccion Maria Azkue	Q2036	https://monumenta.wikibase.cloud/wiki/Testua:AzkueRGaldua/TEI	AzkueRGaldua
Q2107	Filotea	Silvain Pouvreau	Q2106	https://monumenta.wikibase.cloud/wiki/Testua:PouvreauFilotea/TEI	PouvreauFilotea
Q1923	Dialogoak	Voltoire	Q1922	https://monumenta.wikibase.cloud/wiki/Testua:VoltoireDialogoak/TEI	VoltoireDialogoak
Q1967	Euskal testuak	Manuel Larramendi	Q1966	https://monumenta.wikibase.cloud/wiki/Testua:LarramendiTestuak/TEI	LarramendiTestuak
Q1917	Lora sorta espirituala	Pedro Antonio Añibarro	Q1916	https://monumenta.wikibase.cloud/wiki/Testua:AnibarroLorasorta/TEI	AnibarroLorasorta
Q1953	Euskal literaturaz	Piarres Lafitte	Q1952	https://monumenta.wikibase.cloud/wiki/Testua:LafitteLiteraturaz/TEI	LafitteLiteraturaz
Q2109	Murtuts eta bertze	Piarres Lafitte	Q2108	https://monumenta.wikibase.cloud/wiki/Testua:LafitteMurtuts/TEI	LafitteMurtuts
Q2035	Azalpenak eta beste 1932	Estepan Urkiaga	Q2034	https://monumenta.wikibase.cloud/wiki/Testua:LauaxetaAzalpenakII/TEI	LauaxetaAzalpenakII
Q1937	Iparragirre	Antonio Maria Labaien	Q1936	https://monumenta.wikibase.cloud/wiki/Testua:LabaienIparragirre/TEI	LabaienIparragirre
Q1979	Jokua ez da errenta	Antonio Maria Labaien	Q1978	https://monumenta.wikibase.cloud/wiki/Testua:LabaienJokua/TEI	LabaienJokua
Q1999	Gizon bizarpeituti eta emazte bizartsuti...	Antonio Maria Labaien	Q1998	https://monumenta.wikibase.cloud/wiki/Testua:LabaienBizarpeituti/TEI	LabaienBizarpeituti
Q2011	Pestaburu	Antonio Maria Labaien	Q2010	https://monumenta.wikibase.cloud/wiki/Testua:LabaienPestaburu/TEI	LabaienPestaburu
Q2069	Galtzaundi	Antonio Maria Labaien	Q2068	https://monumenta.wikibase.cloud/wiki/Testua:LabaienGaltzaundi/TEI	LabaienGaltzaundi
Q2087	Itz-lauz	Jose Mari Agirre	Q2086	https://monumenta.wikibase.cloud/wiki/Testua:LizardiHitzlauz/TEI	LizardiHitzlauz
Q1969	Iturriagaren Solastaldiak	Jean Duvoisin	Q1968	https://monumenta.wikibase.cloud/wiki/Testua:DuvoisinSolastaldiak/TEI	DuvoisinSolastaldiak
Q2015	Telemake	Jean Duvoisin	Q2014	https://monumenta.wikibase.cloud/wiki/Testua:DuvoisinTelemake/TEI	DuvoisinTelemake
Q2017	Baigorriko zazpi liliak	Jean Duvoisin	Q2016	https://monumenta.wikibase.cloud/wiki/Testua:DuvoisinBaigorri/TEI	DuvoisinBaigorri
Q1945	Jaungoikoaren legeko amar aginteen gañean erakusaldiak	Juan Bautista Agirre	Q1944	https://monumenta.wikibase.cloud/wiki/Testua:AgirreAErakusLegeak/TEI	AgirreAErakusLegeak
Q1777	Iru ziri	Pedro Migel Urruzuno	Q1776	https://monumenta.wikibase.cloud/wiki/Testua:UrruzunoIruZiri/TEI	UrruzunoIruZiri
Q1797	Ur-zale baten ipuiak	Pedro Migel Urruzuno	Q1796	https://monumenta.wikibase.cloud/wiki/Testua:UrruzunoUrzale/TEI	UrruzunoUrzale
Q1839	Euskalerritik zerura eta beste ipui batzuk	Pedro Migel Urruzuno	Q1838	https://monumenta.wikibase.cloud/wiki/Testua:UrruzunoZerura/TEI	UrruzunoZerura
Q1721	Piarres II	Jean Barbier	Q1720	https://monumenta.wikibase.cloud/wiki/Testua:BarbierPiarresII/TEI	BarbierPiarresII
Q1693	Zezenak errepublikan	Jean Hiriart Urruti	Q1692	https://monumenta.wikibase.cloud/wiki/Testua:HiriUrruZezenak/TEI	HiriUrruZezenak
Q1843	Mintzaira, aurpegia, gizon	Jean Hiriart Urruti	Q1842	https://monumenta.wikibase.cloud/wiki/Testua:HiriUrruMintza/TEI	HiriUrruMintza
Q1673	Bi Saindu Heskualdunen Bizia	Franzisko Laphitz	Q1672	https://monumenta.wikibase.cloud/wiki/Testua:LaphitzBisaindu/TEI	LaphitzBisaindu
Q1677	Gero	Pedro Axular	Q1676	https://monumenta.wikibase.cloud/wiki/Testua:AxularGero/TEI	AxularGero
Q1681	Sanduen bizitzak	Joakin Lizarraga	Q1680	https://monumenta.wikibase.cloud/wiki/Testua:LizarragaSanduak/TEI	LizarragaSanduak
Q1685	Kili-kili	Paulo Zamarripa	Q1684	https://monumenta.wikibase.cloud/wiki/Testua:ZamarripaKili/TEI	ZamarripaKili
Q1753	Gora begira	Paulo Zamarripa	Q1752	https://monumenta.wikibase.cloud/wiki/Testua:ZamarripaGoraBegira/TEI	ZamarripaGoraBegira
Q1871	Anaiak gara	Paulo Zamarripa	Q1870	https://monumenta.wikibase.cloud/wiki/Testua:ZamarripaAnaiak/TEI	ZamarripaAnaiak
Q1691	Credo edo Sinhesten dut esplikatua	Etienne Lapeyre	Q1690	https://monumenta.wikibase.cloud/wiki/Testua:LapeireKredo/TEI	LapeireKredo
Q1697	Biozkadak	Luis Jauregi	Q1696	https://monumenta.wikibase.cloud/wiki/Testua:JautarkolBiozkadak/TEI	JautarkolBiozkadak
Q1701	Bertsoak	Xenpelar	Q1700	https://monumenta.wikibase.cloud/wiki/Testua:Xenpelar/TEI	Xenpelar
Q1705	Kantak	Jose Mendiage	Q1704	https://monumenta.wikibase.cloud/wiki/Testua:MendiageKantak/TEI	MendiageKantak
Q1707	Olerkiak eta eresiak	Jose Maria Iparragirre	Q1706	https://monumenta.wikibase.cloud/wiki/Testua:IparragirreEresiak/TEI	IparragirreEresiak
Q1709	Ongi bizitzeko	Jose Cruz Etxeberria	Q1708	https://monumenta.wikibase.cloud/wiki/Testua:EtxeberriaJKOngi/TEI	EtxeberriaJKOngi
Q1713	Pernando Amezketarra	Gregorio Mujika	Q1712	https://monumenta.wikibase.cloud/wiki/Testua:MujikaPernando/TEI	MujikaPernando
Q1715	Donostia	Augustin Anabitarte	Q1714	https://monumenta.wikibase.cloud/wiki/Testua:AnabitarteDonostia/TEI	AnabitarteDonostia
Q1719	Auñemendiko lorea	Txomin Agirre	Q1718	https://monumenta.wikibase.cloud/wiki/Testua:AgirreDLorea/TEI	AgirreDLorea
Q1799	Ioan-etorri bat Erromara	Txomin Agirre	Q1798	https://monumenta.wikibase.cloud/wiki/Testua:AgirreDErromara/TEI	AgirreDErromara
Q1803	Sermoiak	Txomin Agirre	Q1802	https://monumenta.wikibase.cloud/wiki/Testua:AgirreDSermoiak/TEI	AgirreDSermoiak
Q1557	Otoitzak	Arnauld François Maitie	Q1556	https://monumenta.wikibase.cloud/wiki/Testua:MaitieOtoitzak/TEI	MaitieOtoitzak
Q1479	Gabon sariak	Xabier Maria Munibe Peñafloridako Kondea	Q1478	https://monumenta.wikibase.cloud/wiki/Testua:MunibeSariak/TEI	MunibeSariak
Q1601	El borracho burlado	Xabier Maria Munibe Peñafloridako Kondea	Q1600	https://monumenta.wikibase.cloud/wiki/Testua:MunibeBurlado/TEI	MunibeBurlado
Q1481	Poema solteak	Estepan Urkiaga	Q1480	https://monumenta.wikibase.cloud/wiki/Testua:LauaxetaSolteak/TEI	LauaxetaSolteak
Q1515	Bide barrijak	Estepan Urkiaga	Q1514	https://monumenta.wikibase.cloud/wiki/Testua:LauaxetaBarrijak/TEI	LauaxetaBarrijak
Q1617	Azalpenak	Estepan Urkiaga	Q1616	https://monumenta.wikibase.cloud/wiki/Testua:LauaxetaAzalpenakI/TEI	LauaxetaAzalpenakI
Q1483	Parnasorako bidea	Eusebio Maria Azkue	Q1482	https://monumenta.wikibase.cloud/wiki/Testua:AzkueEParnaso/TEI	AzkueEParnaso
Q1485	Domenjon de Andia	Antonio Maria Labaien	Q1484	https://monumenta.wikibase.cloud/wiki/Testua:LabaienDomenjon/TEI	LabaienDomenjon
Q1493	Lurrikara	Antonio Maria Labaien	Q1492	https://monumenta.wikibase.cloud/wiki/Testua:LabaienLurrikara/TEI	LabaienLurrikara
Q1499	Agarren seme... Ismael	Antonio Maria Labaien	Q1498	https://monumenta.wikibase.cloud/wiki/Testua:LabaienAgar/TEI	LabaienAgar
Q1501	Petrikillo	Antonio Maria Labaien	Q1500	https://monumenta.wikibase.cloud/wiki/Testua:LabaienPetrikillo/TEI	LabaienPetrikillo
Q1513	Jostuna	Antonio Maria Labaien	Q1512	https://monumenta.wikibase.cloud/wiki/Testua:LabaienJostuna/TEI	LabaienJostuna
Q1551	Kalifornia ku-ku	Antonio Maria Labaien	Q1550	https://monumenta.wikibase.cloud/wiki/Testua:LabaienKalifornia/TEI	LabaienKalifornia
Q1487	Testamen zaharreko historioa	Bernard Larregi	Q1486	https://monumenta.wikibase.cloud/wiki/Testua:LarregiZaharreko/TEI	LarregiZaharreko
Q1495	Nere bidean	Emeterio Arrese	Q1494	https://monumenta.wikibase.cloud/wiki/Testua:ArreseEBidean/TEI	ArreseEBidean
Q1615	Zara	Emeterio Arrese	Q1614	https://monumenta.wikibase.cloud/wiki/Testua:ArreseEZara/TEI	ArreseEZara
Q1497	Bi ahizpak	Jose Mari Agirre	Q1496	https://monumenta.wikibase.cloud/wiki/Testua:LizardiAhizpak/TEI	LizardiAhizpak
Q1537	Laino eta Izar	Jose Mari Agirre	Q1536	https://monumenta.wikibase.cloud/wiki/Testua:LizardiLaino/TEI	LizardiLaino
Q1549	Umezurtz olerkiak	Jose Mari Agirre	Q1548	https://monumenta.wikibase.cloud/wiki/Testua:LizardiUmezurtz/TEI	LizardiUmezurtz
Q1559	Biotz-begietan	Jose Mari Agirre	Q1558	https://monumenta.wikibase.cloud/wiki/Testua:LizardiBiotz/TEI	LizardiBiotz
Q1723	Biblia (1)	Jose Antonio Uriarte	Q1722	https://monumenta.wikibase.cloud/wiki/Testua:UriarteBibliaI/TEI	UriarteBibliaI
Q1793	Iturriagaren Berbaldijak	Jose Antonio Uriarte	Q1792	https://monumenta.wikibase.cloud/wiki/Testua:UriarteBerbaldijak/TEI	UriarteBerbaldijak
Q1683	Aberri oyuak	Joseba Zubimendi	Q1682	https://monumenta.wikibase.cloud/wiki/Testua:ZubimendiAberri/TEI	ZubimendiAberri
Q1731	Haritxabalet Jaun apezaren gainen	Jean Baptiste Constantin	Q1730	https://monumenta.wikibase.cloud/wiki/Testua:ConstantinHaritxaba/TEI	ConstantinHaritxaba
Q1857	Franzisko Xabierren bederatziurrena	Sebastian Mendiburu	Q1856	https://monumenta.wikibase.cloud/wiki/Testua:MendiburuFranzisko/TEI	MendiburuFranzisko
Q1885	Jesusen amore-nekeei dagozten zenbait otoitzgai (III)	Sebastian Mendiburu	Q1884	https://monumenta.wikibase.cloud/wiki/Testua:MendiburuOtoitzIII/TEI	MendiburuOtoitzIII
Q1717	Metsikorat	Jean Elizalde	Q1716	https://monumenta.wikibase.cloud/wiki/Testua:ZerbitzariMetsikorat/TEI	ZerbitzariMetsikorat
Q1831	Banhar deitu salbaiak	Jean Elizalde	Q1830	https://monumenta.wikibase.cloud/wiki/Testua:ZerbitzariBanhar/TEI	ZerbitzariBanhar
Q1855	Olerki galduak	Antonio Arruti	Q1854	https://monumenta.wikibase.cloud/wiki/Testua:ArrutiOlerkiak/TEI	ArrutiOlerkiak
Q1829	Konfesionea	Joanes Leizarraga	Q1828	https://monumenta.wikibase.cloud/wiki/Testua:LeizarragaKonfesionea/TEI	LeizarragaKonfesionea
Q1863	Katexismea	Joanes Leizarraga	Q1862	https://monumenta.wikibase.cloud/wiki/Testua:LeizarragaKateximea/TEI	LeizarragaKateximea
Q1671	Santa Kruz apaiza	Nikolas Ormaetxea	Q1670	https://monumenta.wikibase.cloud/wiki/Testua:OrixeKruz/TEI	OrixeKruz
Q1695	Euskeraren berri onak	Agustin Kardaberaz	Q1694	https://monumenta.wikibase.cloud/wiki/Testua:KardaberazBerrionak/TEI	KardaberazBerrionak
Q1775	Kristabaren bizitza (1. arg.)	Agustin Kardaberaz	Q1774	https://monumenta.wikibase.cloud/wiki/Testua:KardaberazKristabaI/TEI	KardaberazKristabaI
Q1847	Justuen Ispillu argia	Agustin Kardaberaz	Q1846	https://monumenta.wikibase.cloud/wiki/Testua:KardaberazIspillu/TEI	KardaberazIspillu
Q1877	Deboziño batzuk	Agustin Kardaberaz	Q1876	https://monumenta.wikibase.cloud/wiki/Testua:KardaberazDebozino/TEI	KardaberazDebozino
Q1755	Aphezak soldado	Arnaut Abadia	Q1754	https://monumenta.wikibase.cloud/wiki/Testua:AbbadieAphezak/TEI	AbbadieAphezak
Q1669	San Benoaten bizitzea	Bazilio Joanategi	Q1668	https://monumenta.wikibase.cloud/wiki/Testua:JohanategiBenoat/TEI	JohanategiBenoat
Q1765	Ama euskeriaren liburu kantaria	Felipe Arrese Beitia	Q1764	https://monumenta.wikibase.cloud/wiki/Testua:ArreseBeitiaKantaria/TEI	ArreseBeitiaKantaria
Q1805	Josetxo	Jose Manuel Etxeita	Q1804	https://monumenta.wikibase.cloud/wiki/Testua:EtxeitaJosetxo/TEI	EtxeitaJosetxo
Q1841	Sermoiak-II	Juan Mateo Zabala	Q1840	https://monumenta.wikibase.cloud/wiki/Testua:ZabalaSermoiakII/TEI	ZabalaSermoiakII
Q1861	Fábulas en dialecto vizcaino	Juan Mateo Zabala	Q1860	https://monumenta.wikibase.cloud/wiki/Testua:ZabalaAlegiak/TEI	ZabalaAlegiak
Q1819	Testamentu Berriko Kondaira	Francisco Ignacio Lardizabal	Q1818	https://monumenta.wikibase.cloud/wiki/Testua:LardizabalBerriko/TEI	LardizabalBerriko
Q1825	Giristinoki bizitzeko eta hiltzeko moldea	André Baratziart	Q1824	https://monumenta.wikibase.cloud/wiki/Testua:BaraziartMeditazione/TEI	BaraziartMeditazione
Q1867	Andredena Mariaren imitazionea	Alexandre Mihura	Q1866	https://monumenta.wikibase.cloud/wiki/Testua:MihuraImitazionea/TEI	MihuraImitazionea
Q1869	Maietzeko illa	Gregorio Arrue	Q1868	https://monumenta.wikibase.cloud/wiki/Testua:ArrueGIlla/TEI	ArrueGIlla
Q1873	Patxiko Txerren	Antero Apaolaza	Q1872	https://monumenta.wikibase.cloud/wiki/Testua:ApaolazaTxerren/TEI	ApaolazaTxerren
Q1887	Kristau berri-ekarlea	Juan Antonio Ubillos	Q1886	https://monumenta.wikibase.cloud/wiki/Testua:UbillosEkarlea/TEI	UbillosEkarlea
Q1763	Irakasdearen eskugarria	Anonimoa	Q1762	https://monumenta.wikibase.cloud/wiki/Testua:AnonimIrakasdea/TEI	AnonimIrakasdea
Q1833	Ruth-en liburua Llodio-ko euskeran	Anonimoa	Q1832	https://monumenta.wikibase.cloud/wiki/Testua:AnonimRuthLlodio/TEI	AnonimRuthLlodio
Q1835	Kristiñau doktrinia - Laudio	Anonimoa	Q1834	https://monumenta.wikibase.cloud/wiki/Testua:AnonimKristi/TEI	AnonimKristi
Q1789	Marexalen liburia	Bertrand Goienetxe	Q1788	https://monumenta.wikibase.cloud/wiki/Testua:GoienetxeMarexal/TEI	GoienetxeMarexal
Q1769	Maria birjinaren hilabetia	Emanuel Intxauspe	Q1768	https://monumenta.wikibase.cloud/wiki/Testua:IntxauspeHilabetia/TEI	IntxauspeHilabetia
Q1689	Jaungoikoaren amar agindubeetako azkeneko bosteen ikasikizunak	Frai Bartolome	Q1688	https://monumenta.wikibase.cloud/wiki/Testua:FraiAzkeneko/TEI	FraiAzkeneko
Q1711	Koplak	Jean Robin	Q1710	https://monumenta.wikibase.cloud/wiki/Testua:RobinKoplak/TEI	RobinKoplak
Q1725	Doktrina kristiana	Nikolas Zubia	Q1724	https://monumenta.wikibase.cloud/wiki/Testua:ZubiaDoktrina/TEI	ZubiaDoktrina
Q1727	Txindor-egadak	Alejandro Bilbao	Q1726	https://monumenta.wikibase.cloud/wiki/Testua:MaruriTxindorEgadak/TEI	MaruriTxindorEgadak
Q1733	Montebideoko berriak	Jean-Martin Hiribarren	Q1732	https://monumenta.wikibase.cloud/wiki/Testua:HiribarrenMontebideo/TEI	HiribarrenMontebideo
Q1735	Kristiaiñaren Doktrinaren Introduzionia	Pedro Prudenzio Hualde Maio	Q1734	https://monumenta.wikibase.cloud/wiki/Testua:HualdeDoktrina/TEI	HualdeDoktrina
Q1809	Gore Jeinaren Ebanjelio Saintiua	Pedro Prudenzio Hualde Maio	Q1808	https://monumenta.wikibase.cloud/wiki/Testua:HualdeGore/TEI	HualdeGore
Q1739	Dotrina kristiana	Esteve Materra	Q1738	https://monumenta.wikibase.cloud/wiki/Testua:MaterreDotrina/TEI	MaterreDotrina
Q1747	Beste zenbait itzulpen	Jean Baptiste Artxu	Q1746	https://monumenta.wikibase.cloud/wiki/Testua:ArxuBonaparte/TEI	ArxuBonaparte
Q1781	La Fontainaren Aleghia berheziak neurt-hitzez	Jean Baptiste Artxu	Q1780	https://monumenta.wikibase.cloud/wiki/Testua:ArxuAlhegiak/TEI	ArxuAlhegiak
Q1749	Jesu-Kristoren imitazionea	Leon Leon	Q1748	https://monumenta.wikibase.cloud/wiki/Testua:LeonImitazionea/TEI	LeonImitazionea
Q1757	Tratazen da nola enzun bear den meza	Joan Beriain	Q1756	https://monumenta.wikibase.cloud/wiki/Testua:BeriainMeza/TEI	BeriainMeza
Q1875	Dotrina kristioarena euskaras	Joan Beriain	Q1874	https://monumenta.wikibase.cloud/wiki/Testua:BeriainDotrina/TEI	BeriainDotrina
Q1759	Dotrina Kistianea	Bartolome Olaetxea	Q1758	https://monumenta.wikibase.cloud/wiki/Testua:OlaetxeaDotrina/TEI	OlaetxeaDotrina
Q1767	Euskal dialogoak	Agustin Iturriaga	Q1766	https://monumenta.wikibase.cloud/wiki/Testua:IturriagaDialogoak/TEI	IturriagaDialogoak
Q1771	Bertso guztiak	Bilintx	Q1770	https://monumenta.wikibase.cloud/wiki/Testua:Bilintx/TEI	Bilintx
Q1785	Bigarrengo abarrak	Ebaristo Bustintza	Q1784	https://monumenta.wikibase.cloud/wiki/Testua:KirikinoBigarren/TEI	KirikinoBigarren
Q1865	Edo geuk edo iñok ez	Ebaristo Bustintza	Q1864	https://monumenta.wikibase.cloud/wiki/Testua:KirikinoEdoGeuk/TEI	KirikinoEdoGeuk
Q1787	Jesü-Kristen imitazionia	Martin Maister	Q1786	https://monumenta.wikibase.cloud/wiki/Testua:MaisterImitazionia/TEI	MaisterImitazionia
Q1801	Poemak	Gurutz Sarasola	Q1800	https://monumenta.wikibase.cloud/wiki/Testua:LotsatiPoemak/TEI	LotsatiPoemak
Q1811	Motxa erriyan	Pepe Artola	Q1810	https://monumenta.wikibase.cloud/wiki/Testua:ArtolaPMotxa/TEI	ArtolaPMotxa
Q1813	Nafarroatik	Pablo Fermin Irigarai	Q1812	https://monumenta.wikibase.cloud/wiki/Testua:LarrekoNafar/TEI	LarrekoNafar
Q1823	Lekukotasuna	Pablo Fermin Irigarai	Q1822	https://monumenta.wikibase.cloud/wiki/Testua:LarrekoLekuko/TEI	LarrekoLekuko
Q1817	Atheka gaitzeko oihartzunak	Joan Batista Azkonagerre	Q1816	https://monumenta.wikibase.cloud/wiki/Testua:DakonagerreAtheka/TEI	DakonagerreAtheka
Q1575	Ejerzizioak-I	Agustin Kardaberaz	Q1574	https://monumenta.wikibase.cloud/wiki/Testua:KardaberazEjerzizioakI/TEI	KardaberazEjerzizioakI
Q1599	Senar emazte santuak	Agustin Kardaberaz	Q1598	https://monumenta.wikibase.cloud/wiki/Testua:KardaberazSenarEmazte/TEI	KardaberazSenarEmazte
Q1651	Ejerzizioak-III	Agustin Kardaberaz	Q1650	https://monumenta.wikibase.cloud/wiki/Testua:KardaberazOndoiltzen/TEI	KardaberazOndoiltzen
Q1577	Kantikak eta neurtitzak	Gratien Adema	Q1576	https://monumenta.wikibase.cloud/wiki/Testua:AdemaKantikak/TEI	AdemaKantikak
Q1585	Eskualdun pelegrinaren bidaltzailea	Gratien Adema	Q1584	https://monumenta.wikibase.cloud/wiki/Testua:AdemaPelegrin/TEI	AdemaPelegrin
Q1579	Laborarier	Arnaut Abadia	Q1578	https://monumenta.wikibase.cloud/wiki/Testua:AbbadieLaborarier/TEI	AbbadieLaborarier
Q1581	Laborarien abisua	Domingo Azantza	Q1580	https://monumenta.wikibase.cloud/wiki/Testua:DasanzaAbisua/TEI	DasanzaAbisua
Q1587	Baserritar nekezaleentzako eskolia	Juan Jose Mogel	Q1586	https://monumenta.wikibase.cloud/wiki/Testua:MogelJJEskolia/TEI	MogelJJEskolia
Q1597	Arraldea	Nemesio Etxaniz	Q1596	https://monumenta.wikibase.cloud/wiki/Testua:EtxanizArraldea/TEI	EtxanizArraldea
Q1603	Galtzaundi eta beste bertso asko	Ramos Azkarate	Q1602	https://monumenta.wikibase.cloud/wiki/Testua:AzkarateGaltzaundi/TEI	AzkarateGaltzaundi
Q1605	Sainduen bizitzea	Bazilio Joanategi	Q1604	https://monumenta.wikibase.cloud/wiki/Testua:JoanategiSainduen/TEI	JoanategiSainduen
Q1607	Olerkiak	Salvat Monho	Q1606	https://monumenta.wikibase.cloud/wiki/Testua:MonhoOlerkiak/TEI	MonhoOlerkiak
Q1609	Aldizkarietan argitaratuak eta beste	Felipe Arrese Beitia	Q1608	https://monumenta.wikibase.cloud/wiki/Testua:ArreseBeitiaAldizkarietakoak/TEI	ArreseBeitiaAldizkarietakoak
Q1611	Deboten brebiarioa	Pierre Argainaratz	Q1610	https://monumenta.wikibase.cloud/wiki/Testua:ArgainaratzDeboten/TEI	ArgainaratzDeboten
Q1621	Au, ori ta bestia	Jose Manuel Etxeita	Q1620	https://monumenta.wikibase.cloud/wiki/Testua:EtxeitaAu/TEI	EtxeitaAu
Q1625	Buruxkak	Jean Etxepare Bidegorri	Q1624	https://monumenta.wikibase.cloud/wiki/Testua:EtxepareJBideBuruxkak/TEI	EtxepareJBideBuruxkak
Q1629	Sermoiak-I	Juan Mateo Zabala	Q1628	https://monumenta.wikibase.cloud/wiki/Testua:ZabalaSermoiakI/TEI	ZabalaSermoiakI
Q1633	Meditazioneak gei premiatsuenen gainean	Martin Duhalde	Q1632	https://monumenta.wikibase.cloud/wiki/Testua:DuhaldeMeditazioneak/TEI	DuhaldeMeditazioneak
Q1635	Sasiletrau baten ziria, eta abar	Pedro Migel Urruzuno	Q1634	https://monumenta.wikibase.cloud/wiki/Testua:UrruzunoSasiletrau/TEI	UrruzunoSasiletrau
Q1637	Kazetari lanak	Jose Agerre	Q1636	https://monumenta.wikibase.cloud/wiki/Testua:AgerreKazetari/TEI	AgerreKazetari
Q1649	Linguae Vasconum Primitiae	Bernart Etxepare	Q1648	https://monumenta.wikibase.cloud/wiki/Testua:EtxepareBPrimitiae/TEI	EtxepareBPrimitiae
Q1653	Mendekoste gereziak	Jean Etxepare Landerretxe	Q1652	https://monumenta.wikibase.cloud/wiki/Testua:EtxepareJLandGereziak/TEI	EtxepareJLandGereziak
Q1657	Doktrina Kristiana	Joan Perez Betolaza	Q1656	https://monumenta.wikibase.cloud/wiki/Testua:BetolazaDoktrina/TEI	BetolazaDoktrina
Q2021	Zazpi sakramentuen gañean erakusaldiak	Juan Bautista Agirre	Q2020	https://monumenta.wikibase.cloud/wiki/Testua:AgirreAErakusSakramentu/TEI	AgirreAErakusSakramentu
Q1995	Biblia (2)	Jose Antonio Uriarte	Q1994	https://monumenta.wikibase.cloud/wiki/Testua:UriarteBibliaII/TEI	UriarteBibliaII
Q1985	Lehenagoko Eskualdunak zer ziren	Mixel Elizanburu	Q1984	https://monumenta.wikibase.cloud/wiki/Testua:ElizanburuMLehenagoko/TEI	ElizanburuMLehenagoko
Q1913	Jesusen Bihotzaren Kongregazioko reglak	Sebastian Mendiburu	Q1912	https://monumenta.wikibase.cloud/wiki/Testua:MendiburuReglak/TEI	MendiburuReglak
Q1997	Jesusen amore-nekeei dagozten zenbait otoitzgai (II)	Sebastian Mendiburu	Q1996	https://monumenta.wikibase.cloud/wiki/Testua:MendiburuOtoitzII/TEI	MendiburuOtoitzII
Q2051	Jesusen Bihotzaren Debozioa	Sebastian Mendiburu	Q2050	https://monumenta.wikibase.cloud/wiki/Testua:MendiburuDebozioa/TEI	MendiburuDebozioa
Q1931	Azkaine gure sorterria	Jean Elizalde	Q1930	https://monumenta.wikibase.cloud/wiki/Testua:ZerbitzariAzkaine/TEI	ZerbitzariAzkaine
Q1989	Artho-xuritzetan	Jean Elizalde	Q1988	https://monumenta.wikibase.cloud/wiki/Testua:ZerbitzariArtho/TEI	ZerbitzariArtho
Q1905	Othoitza eklesiastikoen forma	Joanes Leizarraga	Q1904	https://monumenta.wikibase.cloud/wiki/Testua:LeizarragaForma/TEI	LeizarragaForma
Q2063	ABC edo Kristinoen instrukzionea	Joanes Leizarraga	Q2062	https://monumenta.wikibase.cloud/wiki/Testua:LeizarragaAbc/TEI	LeizarragaAbc
Q1973	Tormesko itsu-mutila	Nikolas Ormaetxea	Q1972	https://monumenta.wikibase.cloud/wiki/Testua:OrixeTormes/TEI	OrixeTormes
Q2009	Euskaldunak	Nikolas Ormaetxea	Q2008	https://monumenta.wikibase.cloud/wiki/Testua:OrixeEuskaldunak/TEI	OrixeEuskaldunak
Q2039	Kiton arrebarekin	Nikolas Ormaetxea	Q2038	https://monumenta.wikibase.cloud/wiki/Testua:OrixeKiton/TEI	OrixeKiton
Q2083	Mireio	Nikolas Ormaetxea	Q2082	https://monumenta.wikibase.cloud/wiki/Testua:OrixeMireio/TEI	OrixeMireio
Q2089	Barne muinetan	Nikolas Ormaetxea	Q2088	https://monumenta.wikibase.cloud/wiki/Testua:OrixeMuinetan/TEI	OrixeMuinetan
Q1893	Aita San Ignazioren bizitza laburra	Agustin Kardaberaz	Q1892	https://monumenta.wikibase.cloud/wiki/Testua:KardaberazIgnazio/TEI	KardaberazIgnazio
Q1915	Jesus Maria eta Joseren debozioa	Agustin Kardaberaz	Q1914	https://monumenta.wikibase.cloud/wiki/Testua:KardaberazJesusMaria/TEI	KardaberazJesusMaria
Q1925	Ama beneragarri Josefaren bizitza	Agustin Kardaberaz	Q1924	https://monumenta.wikibase.cloud/wiki/Testua:KardaberazJosefa/TEI	KardaberazJosefa
Q1927	Meza eta komunioa	Agustin Kardaberaz	Q1926	https://monumenta.wikibase.cloud/wiki/Testua:KardaberazMezaKomunioa/TEI	KardaberazMezaKomunioa
Q1941	Kristabaren bizitza (2. arg.)	Agustin Kardaberaz	Q1940	https://monumenta.wikibase.cloud/wiki/Testua:KardaberazKristabaII/TEI	KardaberazKristabaII
Q1957	Ejerzizioak-II	Agustin Kardaberaz	Q1956	https://monumenta.wikibase.cloud/wiki/Testua:KardaberazAfektoak/TEI	KardaberazAfektoak
Q1951	Kristiñau dotrinea	Agustin Kardaberaz	Q1950	https://monumenta.wikibase.cloud/wiki/Testua:KardaberazDotrinea/TEI	KardaberazDotrinea
Q2041	Ejerzizioak-IV	Agustin Kardaberaz	Q2040	https://monumenta.wikibase.cloud/wiki/Testua:KardaberazEjerzizioakIV/TEI	KardaberazEjerzizioakIV
Q1661	Piarres I	Jean Barbier	Q1660	https://monumenta.wikibase.cloud/wiki/Testua:BarbierPiarresI/TEI	BarbierPiarresI
Q1663	Eskuizkribua	Juan Perez de Lazarraga	Q1662	https://monumenta.wikibase.cloud/wiki/Testua:Lazarraga/TEI	Lazarraga
Q1667	Gontzetarik jalgiaraziak	Jean Hiriart Urruti	Q1666	https://monumenta.wikibase.cloud/wiki/Testua:HiriUrruGontze/TEI	HiriUrruGontze
Q1521	Jaun Dauphinen errelazionea	Anonimoa	Q1520	https://monumenta.wikibase.cloud/wiki/Testua:AnonimErrelazionea/TEI	AnonimErrelazionea
Q1527	Kristiñeu Dotrinien Lau Partiak eskuizkribua	Anonimoa	Q1526	https://monumenta.wikibase.cloud/wiki/Testua:AnonimPartiak/TEI	AnonimPartiak
Q1531	Kristiñeu Dotrinien Lau Partiak	Anonimoa	Q1530	https://monumenta.wikibase.cloud/wiki/Testua:AnonimPartia/TEI	AnonimPartia
Q1571	Ruth-en liburua	Anonimoa	Q1570	https://monumenta.wikibase.cloud/wiki/Testua:AnonimRuth/TEI	AnonimRuth
Q1583	Eskualdun kozinera	Anonimoa	Q1582	https://monumenta.wikibase.cloud/wiki/Testua:AnonimKozinera/TEI	AnonimKozinera
Q1533	Beste zenbat itzulpen	Emanuel Intxauspe	Q1532	https://monumenta.wikibase.cloud/wiki/Testua:IntxauspeItzulpenak/TEI	IntxauspeItzulpenak
Q1569	Iturriagaren Elhestaldiak	Emanuel Intxauspe	Q1568	https://monumenta.wikibase.cloud/wiki/Testua:IntxauspeElhestaldiak/TEI	IntxauspeElhestaldiak
Q1477	Ogeta bost lezinoe ta sermoe bat	Frai Bartolome	Q1476	https://monumenta.wikibase.cloud/wiki/Testua:FraiOgetabost/TEI	FraiOgetabost
Q1589	Jaungoikoaren amar agindubeetako lenengo bosteen ikasikizunak	Frai Bartolome	Q1588	https://monumenta.wikibase.cloud/wiki/Testua:FraiLelengo/TEI	FraiLelengo
Q1665	Euskal Errijetako olgeeta ta dantzeen neurrizko gatz-ozpinduba	Frai Bartolome	Q1664	https://monumenta.wikibase.cloud/wiki/Testua:FraiOlgeeta/TEI	FraiOlgeeta
Q1645	Porru salda	Ignazio K. Nuñez Arizmendi	Q1644	https://monumenta.wikibase.cloud/wiki/Testua:NunezPorru/TEI	NunezPorru
Q2005	Andoni deunaren bizitza	Federiko Belaustegigoitia	Q2004	https://monumenta.wikibase.cloud/wiki/Testua:BelaustegigoitiaAndoni/TEI	BelaustegigoitiaAndoni
Q2105	San Frantzisko Asiskoaren bizitza	Manuel Antonio Antia	Q2104	https://monumenta.wikibase.cloud/wiki/Testua:AntiaAsiskoa/TEI	AntiaAsiskoa
Q2111	Euskal olerkiak	Juan Bautista Gamiz Ruiz de Oteo	Q2110	https://monumenta.wikibase.cloud/wiki/Testua:GamizOlerkiak/TEI	GamizOlerkiak
Q2045	Alkar	Pedro Mari Otaño	Q2044	https://monumenta.wikibase.cloud/wiki/Testua:OtanoAlkar/TEI	OtanoAlkar
Q2055	Zerura nai duenak ar dezaken bide erraza	Jose Antonio Mikelestorena	Q2054	https://monumenta.wikibase.cloud/wiki/Testua:MikelestorenaZerura/TEI	MikelestorenaZerura
Q2059	Olerki-lan guztiak	Alejandro Tapia Perurena	Q2058	https://monumenta.wikibase.cloud/wiki/Testua:TapiaOlerkiak/TEI	TapiaOlerkiak
Q2067	Manual debozionezkoa	Joanes Etxeberri (Ziburukoa)	Q2066	https://monumenta.wikibase.cloud/wiki/Testua:EtxebZibuManual/TEI	EtxebZibuManual
Q2071	Kuartetak	Martin Iturbe Balda	Q2070	https://monumenta.wikibase.cloud/wiki/Testua:IturbeKuartetak/TEI	IturbeKuartetak
Q2077	Igandea edo Jaunaren eguna	Jean Pierre Arbelbide	Q2076	https://monumenta.wikibase.cloud/wiki/Testua:ArbelbideIgandea/TEI	ArbelbideIgandea
Q1981	Eleisako zazpi sakramentuben ikasikizuna	Frai Bartolome	Q1980	https://monumenta.wikibase.cloud/wiki/Testua:FraiSakramen/TEI	FraiSakramen
Q1955	Ama Birjiñaren agertziak	Franzisko Goñi	Q1954	https://monumenta.wikibase.cloud/wiki/Testua:GoniAgertziak/TEI	GoniAgertziak
Q2049	Ebaisto	Ignazio K. Nuñez Arizmendi	Q2048	https://monumenta.wikibase.cloud/wiki/Testua:NunezEbaisto/TEI	NunezEbaisto
Q2053	Karmela	Jean Pierre Harispe	Q2052	https://monumenta.wikibase.cloud/wiki/Testua:HarispeKarmela/TEI	HarispeKarmela
Q1505	Laborantzako liburua	Jean Duvoisin	Q1504	https://monumenta.wikibase.cloud/wiki/Testua:DuvoisinLaborantza/TEI	DuvoisinLaborantza
Q1541	Bible Saindua (III) - Testament Berria	Jean Duvoisin	Q1540	https://monumenta.wikibase.cloud/wiki/Testua:DuvoisinBibleaIII/TEI	DuvoisinBibleaIII
Q1619	Bible Saindua (I) - Testament Zaharra, 1. zathia	Jean Duvoisin	Q1618	https://monumenta.wikibase.cloud/wiki/Testua:DuvoisinBibleaI/TEI	DuvoisinBibleaI
Q1655	Bible Saindua (II) - Testament Zaharra, 2. zathia	Jean Duvoisin	Q1654	https://monumenta.wikibase.cloud/wiki/Testua:DuvoisinBibleaII/TEI	DuvoisinBibleaII
Q1507	Jesu-Kristo, eta Birjiña txit santaren misterioen, eta beste zenbait gauzen gañean erakusaldiak	Juan Bautista Agirre	Q1506	https://monumenta.wikibase.cloud/wiki/Testua:AgirreAErakusBirjina/TEI	AgirreAErakusBirjina
Q1511	Konfesioko eta komunioko sakramentuen gañean erakusaldiak	Juan Bautista Agirre	Q1510	https://monumenta.wikibase.cloud/wiki/Testua:AgirreAErakusKonfesio/TEI	AgirreAErakusKonfesio
Q1509	Biblia (3)	Jose Antonio Uriarte	Q1508	https://monumenta.wikibase.cloud/wiki/Testua:UriarteBibliaIII/TEI	UriarteBibliaIII
Q1517	Zumalakarregi	Joseba Zubimendi	Q1516	https://monumenta.wikibase.cloud/wiki/Testua:ZubimendiZumalakarregi/TEI	ZubimendiZumalakarregi
Q1519	Frantziako hirur errepubliken ixtorioa laburzki	Mixel Elizanburu	Q1518	https://monumenta.wikibase.cloud/wiki/Testua:ElizanburuMHirur/TEI	ElizanburuMHirur
Q1523	Don Juan eta bere adixkidiak	Jean Baptiste Constantin	Q1522	https://monumenta.wikibase.cloud/wiki/Testua:ConstantinDonjuan/TEI	ConstantinDonjuan
Q1525	Kristauaren doktrina	Sebastian Mendiburu	Q1524	https://monumenta.wikibase.cloud/wiki/Testua:MendiburuDoktrina/TEI	MendiburuDoktrina
Q1547	Euskaldun onaren biziera	Sebastian Mendiburu	Q1546	https://monumenta.wikibase.cloud/wiki/Testua:MendiburuBiziera/TEI	MendiburuBiziera
Q1595	Festegunetarako irakurraldiak	Sebastian Mendiburu	Q1594	https://monumenta.wikibase.cloud/wiki/Testua:MendiburuFestegun/TEI	MendiburuFestegun
Q1529	Bi gogorrak	Jean Elizalde	Q1528	https://monumenta.wikibase.cloud/wiki/Testua:ZerbitzariGogorrak/TEI	ZerbitzariGogorrak
Q1627	57a gerlan	Jean Elizalde	Q1626	https://monumenta.wikibase.cloud/wiki/Testua:ZerbitzariGerlan/TEI	ZerbitzariGerlan
Q1561	Ama birjinaren ofizioa	Kristobal Harizmendi	Q1560	https://monumenta.wikibase.cloud/wiki/Testua:HarizmendiOfizioa/TEI	HarizmendiOfizioa
Q1563	Lukainka	Antonio Arruti	Q1562	https://monumenta.wikibase.cloud/wiki/Testua:ArrutiLukainka/TEI	ArrutiLukainka
Q1565	Iesus Krist Gure Iaunaren Testamentu Berria	Joanes Leizarraga	Q1564	https://monumenta.wikibase.cloud/wiki/Testua:LeizarragaTesta/TEI	LeizarragaTesta
Q1567	Euskal literaturaren atze edo edesti laburra	Nikolas Ormaetxea	Q1566	https://monumenta.wikibase.cloud/wiki/Testua:OrixeEdesti/TEI	OrixeEdesti
Q1573	Lapurren menpean	Agustin Zarrantz	Q1572	https://monumenta.wikibase.cloud/wiki/Testua:IraizozLapurren/TEI	IraizozLapurren
Q1639	Yesu Kristo gure Yaunaren bizia	Agustin Zarrantz	Q1638	https://monumenta.wikibase.cloud/wiki/Testua:IraizozYesuKristo/TEI	IraizozYesuKristo
Q1901	Fableak edo Alegiak	Léonce Goihetxe	Q1900	https://monumenta.wikibase.cloud/wiki/Testua:GoietxeFableak/TEI	GoietxeFableak
Q1903	Kristauaren ikasbidea	Damaso Legaz	Q1902	https://monumenta.wikibase.cloud/wiki/Testua:LegazIkasbidea/TEI	LegazIkasbidea
Q1907	Gabonetarako ikuskizuna	Pedro Ignazio Barrutia	Q1906	https://monumenta.wikibase.cloud/wiki/Testua:BarrutiaIkuskizuna/TEI	BarrutiaIkuskizuna
Q1909	Lau-Urduri gomendiozko karta, edo guthuna	Joanes Etxeberri (Sarakoa)	Q1908	https://monumenta.wikibase.cloud/wiki/Testua:EtxebSaraLauUrduri/TEI	EtxebSaraLauUrduri
Q1943	Eskual-Herriko gazteriari	Joanes Etxeberri (Sarakoa)	Q1942	https://monumenta.wikibase.cloud/wiki/Testua:EtxebSaraGazteriari/TEI	EtxebSaraGazteriari
Q2031	Eskuararen hatsapenak	Joanes Etxeberri (Sarakoa)	Q2030	https://monumenta.wikibase.cloud/wiki/Testua:EtxebSaraHatsapenak/TEI	EtxebSaraHatsapenak
Q1911	Urteko domeka gustijetarako berbaldi ikasbidekuak (II)	Pedro Astarloa	Q1910	https://monumenta.wikibase.cloud/wiki/Testua:AstarloaPDomeka/TEI	AstarloaPDomeka
Q1919	Bertolda eta Bertoldin	Bernardo Maria Garro	Q1918	https://monumenta.wikibase.cloud/wiki/Testua:OtxoluaBertolda/TEI	OtxoluaBertolda
Q1921	Itxasoko Nabigazionekoa	Piarres Etxeberri Dorre	Q1920	https://monumenta.wikibase.cloud/wiki/Testua:EtxebDorreItxasoko/TEI	EtxebDorreItxasoko
Q1929	Bordel bertsularia	Bordel	Q1928	https://monumenta.wikibase.cloud/wiki/Testua:Bordel/TEI	Bordel
Q1933	Katexima labürra	Athanase Belapeire	Q1932	https://monumenta.wikibase.cloud/wiki/Testua:BelapeireKatexima/TEI	BelapeireKatexima
Q1935	Bertsuak	Manex Etxamendi	Q1934	https://monumenta.wikibase.cloud/wiki/Testua:EtxamendiM/TEI	EtxamendiM
Q1939	Ipuin laburrak	Bitor Garitaonandia	Q1938	https://monumenta.wikibase.cloud/wiki/Testua:GaritaonandiaIpuin/TEI	GaritaonandiaIpuin
Q1947	Lan orhoitgarri zonbait	Jules Moulier	Q1946	https://monumenta.wikibase.cloud/wiki/Testua:OxobiZonbait/TEI	OxobiZonbait
Q1949	Artikulu bilduma	Enrike Zubiri	Q1948	https://monumenta.wikibase.cloud/wiki/Testua:ManezaundiArtikuluak/TEI	ManezaundiArtikuluak
Q1961	Üskal noelen lilia	Charles Bordes	Q1960	https://monumenta.wikibase.cloud/wiki/Testua:BordesNoelen/TEI	BordesNoelen
Q1971	Filosofo Huskaldunaren ekheia	Jusef Egiategi	Q1970	https://monumenta.wikibase.cloud/wiki/Testua:EgiategiEkheia/TEI	EgiategiEkheia
Q1975	Ikasbide kristinaukorraren azalduera laburrak	Andres Iturzaeta	Q1974	https://monumenta.wikibase.cloud/wiki/Testua:IturzaetaAzalduerak/TEI	IturzaetaAzalduerak
Q1983	Kaniko eta Belxitina	Jakes Oihenart	Q1982	https://monumenta.wikibase.cloud/wiki/Testua:OihenarteBelxitina/TEI	OihenarteBelxitina
Q1987	Egia katholikak	Bernard Gazteluzar	Q1986	https://monumenta.wikibase.cloud/wiki/Testua:GazteluzarEgia/TEI	GazteluzarEgia
Q2001	Gizarte auzia	Juan Bautista Eguzkitza	Q2000	https://monumenta.wikibase.cloud/wiki/Testua:EguzkitzaAuzia/TEI	EguzkitzaAuzia
Q2003	Gudu izpirituala	Joanes Haraneder	Q2002	https://monumenta.wikibase.cloud/wiki/Testua:HaranederGudu/TEI	HaranederGudu
Q2061	Jesu Kristoren ebanjelio saindua	Joanes Haraneder	Q2060	https://monumenta.wikibase.cloud/wiki/Testua:HaranederEbanjelioa/TEI	HaranederEbanjelioa
Q2081	Asti-orduetako bertsozko lanak	Felipe Arrese Beitia	Q2080	https://monumenta.wikibase.cloud/wiki/Testua:ArreseBeitiaAstiOrduetako/TEI	ArreseBeitiaAstiOrduetako
Q2047	Jaioterri maitia	Jose Manuel Etxeita	Q2046	https://monumenta.wikibase.cloud/wiki/Testua:EtxeitaJaioterri/TEI	EtxeitaJaioterri
Q2073	Beribilez	Jean Etxepare Bidegorri	Q2072	https://monumenta.wikibase.cloud/wiki/Testua:EtxepareJBideBeribilez/TEI	EtxepareJBideBeribilez
Q1963	Supazter xokoan	Jean Barbier	Q1962	https://monumenta.wikibase.cloud/wiki/Testua:BarbierXokoan/TEI	BarbierXokoan
Q1991	Zenbait sanduen biziak asteaz datozinak	Joakin Lizarraga	Q1990	https://monumenta.wikibase.cloud/wiki/Testua:LizarragaZenbaitSandu/TEI	LizarragaZenbaitSandu
Q2043	Firi-firi	Paulo Zamarripa	Q2042	https://monumenta.wikibase.cloud/wiki/Testua:ZamarripaFiri/TEI	ZamarripaFiri
Q2013	Usauri	Augustin Anabitarte	Q2012	https://monumenta.wikibase.cloud/wiki/Testua:AnabitarteUsauri/TEI	AnabitarteUsauri
Q2079	Garoa	Txomin Agirre	Q2078	https://monumenta.wikibase.cloud/wiki/Testua:AgirreDGaroa/TEI	AgirreDGaroa
Q2085	Kresala	Txomin Agirre	Q2084	https://monumenta.wikibase.cloud/wiki/Testua:AgirreDKresala/TEI	AgirreDKresala
Q2065	Lili-txingar	Alejandro Bilbao	Q2064	https://monumenta.wikibase.cloud/wiki/Testua:MaruriLiliTxingar/TEI	MaruriLiliTxingar
Q1977	Eskaraz egia	Jean-Martin Hiribarren	Q1976	https://monumenta.wikibase.cloud/wiki/Testua:HiribarrenEgia/TEI	HiribarrenEgia
Q2029	Eskaldunak	Jean-Martin Hiribarren	Q2028	https://monumenta.wikibase.cloud/wiki/Testua:HiribarrenEskaldunak/TEI	HiribarrenEskaldunak
Q2057	Iruñeko bestak 1845	Jean-Martin Hiribarren	Q2056	https://monumenta.wikibase.cloud/wiki/Testua:HiribarrenBestak/TEI	HiribarrenBestak
Q1959	Abarrak	Ebaristo Bustintza	Q1958	https://monumenta.wikibase.cloud/wiki/Testua:KirikinoAbarrak/TEI	KirikinoAbarrak
Q2075	Testamentu zarreko kondaira	Francisco Ignacio Lardizabal	Q2074	https://monumenta.wikibase.cloud/wiki/Testua:LardizabalZarreko/TEI	LardizabalZarreko
Q2027	Santa Genobebaren bizitza	Gregorio Arrue	Q2026	https://monumenta.wikibase.cloud/wiki/Testua:ArrueGGenobeba/TEI	ArrueGGenobeba
Q1889	Goi-izpiak	Gabriel Manterola	Q1888	https://monumenta.wikibase.cloud/wiki/Testua:ManterolaGGoiIzpiak/TEI	ManterolaGGoiIzpiak
Q1891	Bai, pekatu da liberalkeriya	Jose Ignazio Arana	Q1890	https://monumenta.wikibase.cloud/wiki/Testua:AranaJIPekatu/TEI	AranaJIPekatu
Q1895	San Ignazio Loiolakoaren bizitza laburtua	Jose Ignazio Arana	Q1894	https://monumenta.wikibase.cloud/wiki/Testua:AranaJIIgnazio/TEI	AranaJIIgnazio
Q1897	Euskalerriko ipuñak	Errose Bustintza	Q1896	https://monumenta.wikibase.cloud/wiki/Testua:BustintzaEIpunak/TEI	BustintzaEIpunak
Q1899	Hau mundu arrano hau	Juan Bautista Bilbao	Q1898	https://monumenta.wikibase.cloud/wiki/Testua:BatxiArrano/TEI	BatxiArrano
