janaritegi,janariteguia
arrandegi,arrandeguia
biguin,biguña
eratxi,erachi
artze,artzea
naroro,naroro
naro,naroa
zuzkitu,zuzquitu
zuzkitu,zuzquituá
trinkatu,trincatuá
eratxi,erachi
erlezai,erlezaia
erlezain,erlezaina
erlabio,erlabioa
bigotedun,bigoteduna
zintzotasun,cintzotaſuna
zintzotu,cintzotu
zintzotu,cintzotua
zintzoki,cintzoqui
sorbeltz,ſorbeltza
leize,leicea
beltzuntza,belzuntza
eulitzar,eulitzarrá
sargoritu,ſargoritu
sargoritu,ſargoritu
sargoritu,ſargoritua
mailatu,mallatu
mailatu,mallatua
nazka,nazca
naga,naga
maltsotu,malſotu
naroro,naroró
zimaurtu,cimaurtú
zimaurtu,cimaurtua
gaitzetsigarri,gaitzetſigarria
bertiztu,bertiztu
bertitz,bertitzá
bertitz,bertitzá
buiatu,buyatua
botoitu,botoitua
otailari,otallaria
jorrail,jorrailla
urratu,urratu
urratu,urratua
zabalkiro,zabalquiro
arrakada,arracadá
zolditu,zolditua
egokiez,egoquieza
amona,amoná
amasaba,amaſaba
amagoi,amagoya
aitona,aitona
aitasaba,aitaſaba
aitagoi,aitagoya
buiatu,buiatua
ugaritasun,ugaritaſuna
naro,naroá
narotasun,narotaſuna
ugaritsu,ugaritſua
narotsu,narotſua
naro,naroá
ugariki,ugariqui
naroki,naroqui
naro,naró
oparo,oparó
astotu,aſtotua
gogaiterazo,gogaiterazo
gogaitarazi,gogaitaraci
bukatu,bucatu
bukatu,bucatua
bukarazi,bucaraci
bukaerazo,bucaerazo
akabaila,acaballá
bukaera,bucaera
ikasola,icaſolá
bilguma,bilgumá
gertaera,guertaera
estutu,eſtutua
isildu,iſildu
sutunpa,ſutumpa
moretu,moretua
eraio,erayo
noaski,noaſqui
ausaz,auſaz
noaski,noaſqui
ondasundun,ondaſunduna
zuzkitu,zuzquitua
zuzentzaile,zuzentzallea
akzidente,accidentea
zezinatu,ceciñatu
zezinatu,ceciñatua
ozpindu,ozpindu
ozpindu,ozpindua
gazuratu,gazuratú
gazuratu,gazuratua
mineta,minetá
oliontzi,olioncia
olibo,oliboa
zerba,cerbá
zamarizain,zamarizaina
beregandu,beregandu
astitsu,aſtitſua
errotazai,errotazaya
garlopatu,garlopatu
garlopatu,garlopatua
oniritzi,oniritzia
lats,latſá
altzairuztatu,altzairuztatu
garrazkiro,garrazquiró
gogorkiro,gogorquiró
somatu,ſomatú
somatu,ſomatua
txikitu,chiquitu
txikertu,chiquertu
txikitu,chiquitua
txikertu,chiquertua
kiskaldu,quiſcaldu
txigortu,chigortú
kiskaldu,quiſcaldua
txigortu,chigortua
lerdatu,lerdatu
noruntz,norunz
garraztu,garraztú
garraztu,garraztua
akzidente,accidente
nagikeria,naguiqueria
ojuka,ojuca
deadarkari,deadarcaria
desalaitu,deſalaitu
desalaitu,deſalaitua
desalaitu,deſalaitu
ostikokari,oſticocaria
erasotzaile,eraſotzallea
lapurtegi,lapurteguia
erasotzaile,eraſotzallea
maneatu,maneatu
eraz,éraz
osasundun,oſaſunduna
zuzkitu,zuzquitua
irabedar,irabedarra
izutu,izutu
erabaki,erabaquia
komutatu,comutatua
oroitza,oroitza
maneatu,maneatu
estutu,eſtutu
izutu,izutu
estutu,eſtutua
izutu,izutua
estutu,eſtutua
artzatu,artzatu
salatzaile,ſalatzallea
pilatu,pillatua
montoitu,montoitua
pilatzaile,pillatzallea
salatzaile,ſalatzallea
salaketa,ſalaqueta
salakera,ſalaquera
akusazio,acuſacioa
txukun,chucuna
txukundu,chucundua
urratu,urratu
aurreratzaile,aurreratzallea
akastu,acaſtu
egokiro,egoquiró
dina,diña
maneatu,maneatua
zuzentzaile,zuzentzallea
maneatzaile,maneatzalleá
hireganatu,hireganatu
zuganatu,zuganatua
zuzkitu,zuzquitu
zuzkitu,zuzquitua
aztiatu,aztiatú
igerle,iguerlea
aztinantza,aztinanza
asmo,aſmoa
igermen,iguermena
administratzaile,adminiſtratzallea
begirantza,beguiranza
miragarriro,miragarriro
mirari,miraria
miresle,mireslea
etartu,etartu
etartu,etartua
artze,artzea
gurte,gurtea
kordebagetu,cordebaguetu
galantu,galantú
galantu,galantua
apaintzaile,apaintzallea
jakinez,jaquinéz
aduana,aduaná
txaola,chaolac
zaldabai,zaldabaya
arrazko,arrazcoa
barruti,barrutia
losentxa,loſencha
gaztetu,gaztetua
gaitzegoki,gaitzegoquia
arreta,arreta
arraia,arraia
ezaindu,ezaindua
amodiotsu,amodiotſua
bizargile,bizarguillea
emakumetu,emacumetu
emakumetu,emacumetua
itsatsi,itſatſi
kako,cacoac
itsatsi,itſatſia
itsatsi,itſatſia
segurutu,ſegurutua
estutu,eſtutua
ekarrai,ecarraia
jaiera,jayera
ekarrai,ecarraia
jaiera,jayera
artze,artzea
jaiera,jaiera
beregandu,beregandua
maneatzaile,maneatzallea
baieztu,bayeztú
baieztatu,bayeztatú
baieztu,bayeztuá
baieztatu,bayeztatua
baieztu,bayeztu
baiezko,bayezcoa
estutu,eſtutu
estutu,eſtutua
malmetitu,malmetitú
lantu,lantuá
lasaitu,laſaitu
lasai,laſai
lasaitu,laſaitua
lasai,laſai
naro,naroa
azpikotu,azpicotu
azpikotu,azpicotua
forru,forrua
zai,zaya
laidotu,laidotu
laidotu,laidotua
lotsagarriro,lotſagarriro
igortzi,igortzi
aurkeztu,aurqueztu
erara,erara
isats,iſatſ
itsatsi,itſatſi
itsatsi,itſatſia
zikoitz,cicoitza
itsatsi,itſatſi
zirikatu,ciricatu
zirikatu,ciricatua
estutu,eſtutu
agata,agata
usagari,uſagaria
bizitasun,vicitaſuna
biziera,viciera
lasterki,laſterqui
txukun,chucuna
eraz,eraz
otzan,otzana
oniritzi,oniritzi
baiezko,bayezcoa
eskerti,eſquertia
eskertsu,eſquertſua
astundu,aſtundú
pisutu,piſutua
astundu,aſtundua
astungarri,aſtungarri
pisutu,piſutu
astundu,aſtundu
iraindu,iraindu
iraindu,iraindua
irain,irainá
zorigabe,zorigabeac
talde,taldeá
moltso,molſoá
erasotzaile,eraſotzallea
basati,baſatia
basajende,baſagendea
gazitxo,gacichoa
garrazkiro,garrazquiró
gogorkiro,gogorquiro
segari,ſegaria
lintzura,linzura
irozo,irozó
irozo,irozoá
urdun,urduna
itxeden,icheden
iraungile,iraunguillea
zingira,cinguirá
zorrozkiro,zorrozquiró
aztinantza,aztinanza
zirikatu,ciricatua
mentu,mentuá
zulogile,zuloguillea
alaba ponteko,alaba pontecoa
kordebagetu,cordebaguetua
ozpindu,ozpindua
gogoan jo,gogoan jo
gogoan jo,gogoan joa
itogarri,itogarria
keeztu,queeztuá
keaztatu,queaztatua
erausi,erauſi
egurastu,eguraſtú
eraz,eraz
mastrikatu,maſtricatu
mastrikatu,maſtricatua
alogeratu,alogueratua
alabastro,alabaſtro
arrabio,arrabioa
egaadun,egaaduna
balakari,balacaria
alaja,alaja
alanbre,alambrea
alanbre,alambrea
ezkurdui,ezcurduia
basati,baſatia
karkaba,carcaba
txuri,churia
legen,leguená
txalmatu,chalmatú
txalma,chalmá
txalmatu,chalmatua
bastatu,baſtatua
txalma,chalmá
bastagintza,baſtaguintza
bastagin,baſtaguiña
txalmagin,chalmaguiña
astatipula,aſtatipula
txuritasun,churitaſuna
alborada,alborada
poztu,poztú
poztu,poztua
albiste,albiſtea
estalgile,eſtalguillea
barruti,barrutia
alkanfor,alcanfora
basarto,baſartoa
erdiesle,erdieslea
kako,cacoa
artelatz,artelatza
azaldu,azaldu
azaldu,azaldua
oliontzi,olioncia
kisket,quiſqueta
desalaitu,deſalaitu
izutu,izutú
mugako,mugacoa
ekarrai,ecarraya
poztu,poztú
poztu,poztua
pozik,pozic
alegeria,alegueria
urrutiratu,urrutiratu
urrutiratu,urrutiratu
urrutiratu,urrutiratua
erruz,erruz
alaitu,alaitu
indartu,indartu
alaitu,alaitua
indartu,indartua
isats,iſatſa
buztinola,buztinola
buztingile,buztinguillea
eltzegile,eltzeguillea
ibiki,ibiquia
zerri,cerriá
zakuto,zacutoa
alportxa,alporcha
algaraz,algaráz
ojuka,ojúcá
deadarkari,deadarcaria
gorrindu,gorrindú
aurren,áurren
erantsi,eranſiá
janaritu,janaritua
txukun,chucuná
leuntzaile,leuntzallea
zerrenda,cerrendá
lista,liſtá
maneatu,maneatu
igortzi,igortzia
zelaitu,celaitú
lautu,lautuá
zelaitu,celaitua
batzaile,batzállea
egunari,egunaria
beira belar,beira belarra
igara,igará
zertegi,certeguia
txirla,chirlac
men,mena
almidoatu,almidoatu
almidoatu,almidoatua
aurdiko,aurdicoa
zai,zaya
lakari,lacaria
atxedenleku,achedenlecua
urrutiratu,urrutiratú
espartingile,eſpartinguillea
etxalde,echaldea
alogeratu,alogueratua
sukor,ſucorra
pikeztatu,piqueztatu
pikeztatu,piqueztatua
sagubedar,ſagubedarra
aldakor,aldacorra
goiende,goiendea
baberruma,baberrumac
txingurri,chingurri
adiera,adiera
altzapremiatu,altzapremiatu
amatzaile,amatzallea
irriatu,irriatu
irriatu,irriatua
egundu,egundu
maltsotu,malſotua
saiatu,ſayatu
oniritzi,oniritzi
oniritzi,oniritzia
amatzaile,amatzallea
girlanda,guirlandá
saminki,ſaminqui
saminkiro,ſaminquiró
ubeltasun,ubeltaſuna
barruti,barrutia
ibilizale,ibillizalea
izutu,izutú
zukuruztu,zucuruztú
izutu,izutuá
zukuruztu,zucuruztua
keina,queiná
sarritan,ſarritán
sarritxo,ſarricho
maiztxo,maizcho
txit,chit
izutu,izutu
muzindu,mucindu
muzindu,mucindua
mugatu,mugatu
mugatu,mugatua
gisatu,guiſatua
pilatu,pillatua
pilatzaile,pillatzalle
metatzaile,metatzallea
metaka,métaca
maitati,maitatia
maitatsu,maitatſua
amodiotsu,amodiotſua
zapuztu,zapuztua
zaitu,zaitua
anparatzaile,amparatzallea
anpulu,ampulua
babalarru,babalarrua
babalarrutu,babalarrutua
te,tea
mortuar,mortuarrá
eremuar,eremuarrá
zabalki,zabalqui
zabalkiro,zabalquiró
antzina,anciná
antzina,anciná
aguretu,aguretú
ainguratu,ainguratu
ainguratu,ainguratua
ibilkor,ibilcorra
ibilkor,ibilcorra
ibilkor,ibilcorra
urpetu,urpetu
urperatu,urperatu
urpetu,urpétua
aingerutar,ainguerutarra
aingerutxo,aingueruchoa
aingerutzar,ainguerutzarra
estutu,eſtutu
estutu,eſtutua
estutasun,eſtutaſúna
gorrindu,gorrindu
urtar,urtarra
aberetxo,aberechoa
ezereztu,ecereztú
ezereztu,ecereztu
ezereztu,ecereztua
erantsi,eranſi
erantsi,eranſia
urteurren,urteurrena
izenbage,icembaguea
ataurre,atáurrea
aurreratzaile,aurreratzallea
antzina,anciña
antzinaera,anciñaera
antzinate,anciñatea
guraritu,guraritu
burutazino,burutacinoa
aratuzte,aratuztea
estutu,eſtutu
estutu,eſtutua
erantsi,eranſi
erantsi,eranſia
urtetsu,urtetſua
urteurren,urteurrena
urtetsu,urtetſua
gorrina,gorriná
begizko,beguizcoa
janaritu,janaritu
otzan,otzaná
arraia,arraiá
gozatzaile,gozatzallea
makilari,maquillaria
makilatu,maquillatu
lanperna,lamperna
prestamen,preſtamena
maneatzaile,maneatzallea
maneatu,maneatú
maneatu,maneatua
prestamen,preſtamena
alderagin,alderaguin
alderagin,alderaguiña
berezitu,berecitua
aparte,aparte
montoitu,montoitu
txingor,chingorra
deigarri,deigarria
izengain,icengaña
mastrikatu,maſtricatu
mastrikatu,maſtricatua
irozgarri,irozgarriac
gurdigile,gurdiguillea
prestamen,preſtamena
aginde,aguindea
itsatsi,itſatſi
itsatsi,itſatſia
txaola,chaola
izurritu,izurritu
izurritu,izurritua
zalegarri,zalegarria
astailar,aſtaillarra
errukitu,erruquitu
tontor,tontorra
pilatu,pillatua
trinkatu,trincatu
estutu,eſtutu
gozatzaile,gozatzallea
maltsotu,malſotu
oniritzi,oniritzi
lautu,lautú
lautu,lautua
dunduriatu,dunduriatu
olagaratu,olagaratú
dunduriatu,dunduriatua
olagaratu,olagaratuá
olagara,olagará
gitxitu,guichitu
gitxitu,guichitua
ezizen,ecicena
sits,ſitſac
naroro,naroró
zornatu,zornatu
zornatu,zornatua
bilguma,bilguma
irozerazo,irozerazo
irozerazo,irozerazoa
irozgarri,irozgarria
estimagarri,eſtimagarria
itsatsi,itſatſia
irudipen,irudipena
irudikor,irudicorra
prentsatu,prenſatu
estuerazo,eſtuerazo
trinkatu,trincatua
prestamen,preſtamena
estugarri,eſtugarriac
estutu,eſtutu
estutu,eſtutua
zikoitz,cicoitza
estutasun,eſtutaſuna
presaka,preſaca
saletxe,ſalechea
prestamen,preſtamena
gertuera,guertuera
maneatu,maneatu
maneatu,maneatua
hiretu,hiretu
joaira,joaira
zintzotasun,cintzotaſuna
estibatu,eſtibatu
estibatu,eſtibatua
itsatsi,itſatſi
itsatsi,itſatſia
ukabilkatu,ucabilcatua
bukatu,bucatú
gogaiterazo,gogaiterazo
estutu,eſtutua
jendedi,gendediac
barrunbe,barrumbea
urtar,urtarra
urdun,urduná
urtsu,urtſuá
armiarma,armiarma
goldeatu,goldeatu
goldatu,goldatu
erabaki,erabaquia
ezkurdui,ezcurduya
goiende,goyendea
etxakintza,echaquintza
zuzeleku,zucelecua
izeki,icequi
izeki,icequia
izeki,icequia
otadi,otadia
talkari,talcaria
armagile,armaguillea
ezkutarma,ezcutarma
likurtatu,licurtatu
bezinta,becintac
kutxazai,cuchazaya
kutxatxo,cuchacho
arrakada,arracadac
mordotu,mordotu
mordotu,mordotu
mordotu,mordotua
sustraitu,ſuſtraitú
sustraitu,ſuſtraitua
bakandu,bacandú
galantu,galantú
atzapartu,atzapartu
atzapartu,atzapartua
atzapartari,atzapartaria
kordebagetu,cordebaguetua
urduritu,urduritua
arrantzatu,arrantzatu
indartu,indartu
arautu,arautu
arautu,arautu
arautu,arautua
eskilaso,eſquilaſoa
ihakingile,ihaquinguillea
estutu,eſtutu
erabaki,erabaquia
irozgarri,irozgarria
zokoratu,zocoratu
baztertu,baztertu
zokoratu,zocoratua
kordebagetu,cordebaguetu
kordebagetu,cordebaguetua
astotu,aſtotu
erruz,errúz
erru,errua
goldatu,goldatu
laiatu,layatu
txirripa,chirripá
errekatxo,errecachoa
oguzi,ogucia
astigar,aſtigarrá
igoera,igoéra
goiende,goyendea
jainkoti,jaincotia
maneatu,maneatu
kirten,quirtena
kirtentxo,quirtenchoa
itsatsi,itſatſi
astazai,aſtazaya
astotxo,aſtochoa
matazatu,matazatua
ardore,ardorea
garrazkiro,garrazquiro
nazkatu,nazcatú
nagatu,nagatú
urdakeria,urdaqueria
zikinkeria,ciquinqueria
nazkagarri,nazcagarria
alogeratu,alogueratu
erasotzaile,eraſotzallea
asalda,aſſalda
ondoren,ondorena
ondorengo,ondorengoa
segurutu,ſegurutu
aurren,aurrena
zerratoki,cerratoquia
zerrauts,cerrautſa
zerratu,cerratu
kondar,condarrá
soildu,ſoildua
alogeratu,alogueratu
alogeratu,alogueratua
eguzkitu,eguzquitu
eguzkitu,eguzquitua
gorrerazo,gorrerazo
gorrarazi,gorraraci
ildaskatu,ildaſcatu
izartxo,izarchoa
estutu,eſtutu
jokotria,jocotria
arratz,arratza
arrazko,arrazcoa
gelbera,guelberá
erratilu,erratillua
txepeltasun,chepeltaſuna
lezoi,lezoyac
puskatu,puſcatu
zipotz,cipotza
zingiradi,cinguiradia
lokatza,locatza
trinkatu,trincatu
lokaztu,locaztu
lokaztu,locaztua
apainketa,apainqueta
nazkatu,nazcatua
nagatu,nagatua
izutu,izutu
zukuruztu,zucuruztu
arreta,árreta
begirune,beguirunea
eradoski,eradoſqui
titi,titia
eradoski,eradoſquia
itsuka,itſuca
itsumustuka,itſumuſtuca
espartzu,eſparzua
zuzkitu,zuzquitu
lokaztu,locaztu
lokaztu,locaztua
pozoitu,pozoitu
pozoi,pozoya
pozoitu,pozoitua
estutu,eſtutu
atrebentzia,atrebencia
odolgiro,odolguiroa
txit,chit
ojulari,ojularia
urduritu,urduritu
urduritu,urduritua
ikaragarriro,icaragarriró
urduritu,urduritua
inautsi,iñautſia
goiende,goyendea
urreztu,urreztua
eguantz,eguanza
garrazkiro,garrazquiró
liburugile,liburuguillea
laguntari,laguntaria
banguardia,vanguardia
mantal,mantala
gonagain,gonagaña
aurrerapen,aurrerapena
txoritxo,chorichoa
aguretu,aguretu
aguretu,aguretua
aizegin,aiceguin
aizeman,aiceman
bilakinde,billaquindea
bilakindetu,billaquindetu
bilakindetu,billaquindetu
okertu,oquertua
landertu,landertú
landertu,landertua
ozpindu,ozpindu
ozpindu,ozpindua
erresomindu,erreſomindu
piztarazi,piztaraci
azitrai,acitraya
asentsio,aſenſioa
erabaki,erabaquia
laguntari,laguntaria
erasan,eraſan
barautzaile,barautzallea
barautu,barautu
arbaltx,arbalcha
arbeltx,arbelcha
aitzurkada,aitzurcada
atxurkada,achurcada
otarratxo,otarrachoa
saskitxo,ſaſquichoa
urduritu,urduritua
sabai,ſabai
azotaldi,azotaldia
trabes,trabeſa
lurrinkai,lurrincaya
lurrunkai,lurruncaya
trabes,trabeſa
lurrinkai,lurrincaya
lurrunkai,lurruncaya
zikindu,ciquindu
zikindu,ciquindua
erausi,erauſi
hitzontzikeria,hitzontziqueria
berritsukeria,berritſuqueria
eskumakila,eſcumaquilla
baldan,baldana
azpikotu,azpicotua
burtzin,burciña
oinkari,oincaria
saiakera,ſayaquera
zuresi,zureſia
balazo,balazoa
baranda,barandá
balkoi,balcoya
elbarri,elbarria
elbarri,elbarri
laidotu,laidotu
laidotu,laidotua
lumera,lumerá
sain,ſaiña
sain,ſaiña
balekume,balecumea
saietera,ſayetera
otarra,otarra
zestera,ceſtera
banderatxo,banderachoa
erbestetu,erbeſtetua
buzkantz,buzcantzá
gaintxuritu,gainchuritua
bateotegi,bateoteguia
atelekatu,atelecatu
merketxo,merquechoa
bizartu,bizartu
bizartzar,bizartzarra
bizarkintegi,bizarquinteguia
bizarkintza,bizarquintza
bizarkin,bizarquiña
bizargile,bizarguillea
lubaki,lubaquia
likurtatu,licurtatu
likurtatu,licurtatua
baroe,baroea
txaola,chaola
puskatu,puſcatu
erratzatu,erratzatu
erratzatu,erratzatua
sabelandi,ſabelandi
etxadi,echadia
lokatza,locatza
lupetza,lupetza
lokaztegi,locazteguia
buztintsu,buztintſua
nazkatu,nazcatu
nagatu,nagatu
bastagin,baſtaguiña
eskumakila,eſcumaquilla
gudatu,gudatu
bidazain,bidazaina
txartasun,chartaſuna
txarkeria,charqueria
erabaki,erabaqui
txit,chit
zekor,cecorrá
erabelar,erabelarra
erabedar,erabedarra
zitalkiro,citalquiro
gaiztakin,gaiztaquiña
bedeikazio,bedeicacioa
ongite,onguitea
ontzaile,ontzallea
ongile,onguillea
ongiro,onguiró
ongiro,onguiroa
ongiro,onguiroa
eskumuin,eſcumuñac
aberetxo,aberechoa
aberekeria,aberequeria
aberetasun,aberetaſuna
musukatu,muſucatu
musuka,muſuca
errosel,erroſela
betarraga,betarraga
errozerba,errocerba
betun,betuna
liburutegi,liburuteguia
sardetxe,ſardechea
zoriontasun,zoriontaſunac
bigote,bigotea
zorrotxo,zorrochoa
birlo,birloa
birla,birlá
txano,chanoa
amabisaba,amabiſaba
aitabisaba,aitabiſaba
kontz,contzá
mantar,mantarrá
txuri,churia
jomuga,jomugá
txuritasun,churitaſuna
zalantzatu,zalanzatu
dardaratu,dardaratu
zuritzaile,zuritzallea
txuritu,churitu
ezkutarma,ezcutarmá
sargori,ſargoria
upategi,upateguia
upelategi,upelateguia
zai,zaya
ope,opea
gobada,gobadá
bogari,bogaria
aurren,aurrena
ontxo,onchoa
txit,chit
hitzontzi,hitzontzi
bordatzaile,bordatzallea
bordoi,bordoya
borla,borla
jasa,jasá
astakeria,aſtaqueria
txoro,choroa
ospil,oſpillá
itzai,itzaya
besakada,beſacada
besaldi,beſaldia
galtza,galtzac
orrolari,orrolaria
listari,liſtaria
orroi,orroya
basoti,baſotia
besakada,beſacada
besaldi,beſaldia
laburketa,laburqueta
brinko,brincoa
brindis,brindiſa
erru,errua
indarti,indartia
errutsu,errutſua
errudun,erruduna
zurdaki,zurdaquia
birikodi,biricodiac
burrukari,burrucari
jario,jario
kondar,condarra
nekaldi,necaldia
aberetar,aberetarra
aberekeria,aberequeria
aberetasun,aberetaſuna
idisko,idiſcoa
bufoikeria,bufoiqueria
zibota,cibota
iskanbila,iſcambilla
iskanbila,iſcambilla
anpulu,ampulua
marrega,marrega
zizelatu,cicelatu
zizelatu,cicelatua
iseka,iſecá
burlagile,burlaguillea
isekari,iſecaria
isekatu,iſecatu
zaldidi,zaldidia
zalditxo,zaldichoa
zalduntxo,zaldunchoa
zalduntza,zalduntza
zalditegi,zalditegui
matxisalto,machiſalto
zaldizko,zaldizcoac
talde,taldea
zerrendatu,cerrendatu
aurdiko,aurdicoa
bilotsu,bilotſua
oinorde,oñordea
txilar,chillarra
antxume,anchumea
akirin,aquirina
alara,alara
muturreko,muturrecoa
goiende,goyendea
irazkai,irazcayac
kafe,cafeá
kafeontzi,cafeontzia
jendedi,gendedia
mokordo,mocordoa
kakategi,cacateguia
kakeria,caqueria
pikorta,picorta
kararri,cararria
kuia,cuiá
bisuts,biſutſa
lekotz,lecotza
ziega,ciegá
autsarri,autſarria
arranpa,arrampa
eiaka,eyaca
burezur,burezurra
galdatu,galdatua
pertz,pertza
maskelu,maſquelua
paziagile,paciaguillea
galdaratxo,galdarachoa
berontzi,berontzia
beroaldi,beroaldia
karobi,carobia
karegile,careguillea
kararri,cararria
isil,iſil
isil,iſillá
isildu,iſildua
salgaizta,ſalgaizta
ojulari,ojularia
galtxuri,galchuriac
kakeria,caqueria
iskira,iſquirac
gameluzai,gameluzaya
gamelu,gamelua
bidaldi,bidaldia
gurdibide,gurdibidea
errebelatu,errebelatu
branda,brandá
zoli,zolia
ziur,ciurra
kanpaetorre,campaetorrea
kanpaegile,campaeguillea
kanpaetxo,campaechoa
txilintxa,chilincha
txerri,cherri
dendatu,dendatu
arraun,arraun
zizeilu,cicellua
saskitxo,ſaſquichoa
otarratxo,otarrachoa
ataurre,ataurrea
zutargi,zutarguia
kriselu,criſelu
balakari,balacaria
bernezur,bernezurra
besazur,beſazurra
gogaikarri,gogaicarria
kantatxo,cantachoa
pegartxo,pegarchoa
lusuil,luſuilla
errauli,erraulia
zenbate,cembatea
zenbate,cembatea
kantatxo,cantachoa
upategi,upateguia
mendarte,mendartea
kanoi,canoyac
sutunpa,ſutumpac
buruki,buruquia
osagile,oſaguillea
txartes,charteſá
elkargo,elcargoa
batzartar,batzartarra
bilguma,bilguma
berezita,berecitá
bekosko,becoſcoa
bekoskodun,becoſcoduna
burutazino,burutacinoa
karabinari,carabinaria
karamelo,carameloa
ikazkin,icazquiña
algara,algará
zurindu,zurindu
zurindu,zurindua
kardari,cardaria
kardatu,cardatu
kardatu,cardatua
bularka,bularca
segail,ſegallá
txit,chit
oniritzi,oniritzia
txarrantxa,charrancha
txikiro,chiquiroa
aratuzte,aratuzteac
saminkor,ſamincorra
zurgintegi,zurguinteguia
burubide,burubidea
orgabide,orgabidea
gurdigile,gurdiguillea
masail,maſalla
kartoi,cartoya
ametz,ametzá
kaskabel,caſcabelá
etxalde,echaldea
hisialdi,hiſialdia
burutaldi,burutaldia
krisket,criſqueta
gazteluzai,gazteluzaya
gaztelar,gaztelarra
akirin,aquirina
lista,liſtá
lauso,lauſoa
kostoma,coſtomá
jakinbide,jaquinbidea
naroro,naroró
aurren,aurrena
izeki,icequia
errakai,erracaya
atxurlari,achurlaria
aitzurlari,aitzurlaria
aitzurle,aitzurlea
lurrunkai,lurruncaya
isilkor,iſilcorra
satitsu,ſatitſua
bezinta,becinta
burmun,burmuna
burmuin,burmuña
lakari,lacaria
zerutar,cerutarra
saskitxo,ſaſquichoa
otarratxo,otarrachoa
lupetza,lupetza
zingira,cinguirá
erraustegi,errauſteguia
autsu,autſua
austun,auſtuna
txingar,chingarra
txingartu,chingartu
zikirio,ciquirioa
seintzain,ſeinzaina
zingila,cinguilla
bekoskodun,becoſcoduna
murritu,murritu
murritu,murritua
burmun,burmuna
burmuin,burmuña
kandelategi,candelateguia
kandelagile,candelaguillea
txermen,chermena
lisiba,lisibá
austontzi,auſtoncia
eralki,eralqui
zetabatu,cetabatu
zero,ceroa
itxiera,ichiera
sarrailagile,ſarrallaguillea
zerratu,cerratu
zerratu,cerratua
guda,gudá
urdintsu,urdintſua
gararnotegi,gararnoteguia
gararnogile,gararnoguillea
gararno,gararnoa
otarregile,otarreguillea
txatar,chatarrá
txukun,chucuna
otsande,otſandea
gizatxar,guizacharra
puskatu,puſcatu
upa,upa
txalupa,chalupa
moldakaitz,moldacaitza
zaparrada,zaparrada
lupetza,lupetza
inautsi,iñautſi
inautsi,iñautſia
murgildu,murguildu
murgildu,murguildua
hitzontzi,hitzontzia
kontz,contzá
arraia,arráya
seintxo,ſeinchoa
txirola,chirola
txirolari,chirolaria
txistulari,chiſtularia
ezerezkeria,ecerezqueria
tximinea,chiminea
buztanikara,buztanicara
txingar,chingarra
txiste,chiſtea
danbatako,dambatacoa
jazar,jazarra
guda,guda
belaunezur,belaunezurra
istingor,iſtingorra
gizatxar,guizacharra
zanpatu,zampatu
lerdatu,lerdatu
txupatu,chupatu
txupatu,chupatua
isekari,iſecaria
arradiza,arradizá
itsuka,itſuca
jakintza,jaquintza
ziertoro,ciertoro
zurdatz,zurdatza
ezkilatxo,ezquillachoa
zimel,cimelá
zizelatu,cicelatu
zizelatu,cicelatua
zingilatu,cinguillatu
zingilatu,cinguillatua
nekosta,necoſtá
zutargi,zutarguia
zikindu,ciquindua
iduri,iduria
beltxarga,belchargá
zitara,citara
ojulari,ojularia
ezkutape,ezcutapea
argiro,arguiró
turunta,turuntá
zoli,zolia
klaustro,clauſtroa
iltzatu,iltzatu
iltzatu,iltzatua
iltzegile,iltzeguillea
apaiztar,apaiztarra
abadetar,abadetarra
apaiztu,apaiztu
karkaba,carcaba
lagunkidatu,lagunquidatu
lagunkidatu,lagunquidatua
murritu,murritu
murritu,murritua
barrunbe,barrumbea
zukutu,zucutua
txerri,cherria
zerri,cerria
sukalkin,ſucalquiña
galeper,galeperra
pospolin,poſpoliná
adinkide,adinquidea
anaikide,anaiquidea
batzaile,batzallea
tolestu,toleſtua
ondorengo,ondorengoa
luzoker,luzoquerrá
afarusi,afaruſia
gobada,gobadá
lisiba,liſiva
irazkai,irazcaya
kosna,coſná
kosna,coſná
bilgo,bilgoa
bilgo,bilgoa
eseki,eſequi
eseki,eſequia
lepande,lepandea
murrutu,murrutu
eultza,eultza
maizter,maizterrá
larrantz,larrantza
zabu,zabua
metarri,metarria
begi ur,begui ura
erbinude,erbiñudea
ogigaztai,oguigaztaya
jazar,jazarra
guda,gudá
gudari,gudaria
gudatu,gudatu
gudatu,gudatua
errakai,erracaya
errakor,erracorra
errakin,erraquiña
begirune,beguirunea
azaldu,azaldu
azaldu,azaldua
salerosi,ſaleroſi
aldimaitza,aldimaitza
mugikidatu,muguiquidatu
mugikidatu,muguiquidatua
egokiro,egoquiro
era,era
kupidatu,cupidatu
errukitu,erruquitu
kupidatu,cupidatua
errukitu,erruquitua
aitakide,aitaquidea
lagunkida,lagunquida
elkargo,elcargoa
bekalde,becaldea
bardinkuntza,bardincunza
bekaldu,becaldu
bekaldetu,becaldetu
bekaldu,becaldua
kupidakor,cupidacorra
elkargo,elcargoa
elkargo,elcargoa
ordaingarri,ordaingarria
ordaindu,ordaindu
ordaindu,ordaindua
pozkida,pozquidá
pozkidatu,pozquidatu
pozkidatu,pozquidatu
usbetatu,usbetatú
konpontzaile,compontzallea
antolamendu,antolamenduá
moldaera,moldaera
antolamendu,antolamendua
egitura,eguitura
apainketa,apainqueta
moldesi,moldeſiá
erosketa,eroſqueta
estutu,eſtutu
arautu,arautu
arautu,arautua
maskordun,maſcordun
bukatu,bucatu
bukaera,bucaera
ustekida,uſtequida
bilkida,bilquidá
jendedi,gendedia
bilkida,bilquida
eripetu,eripetu
eripetu,eripetua
ekarrai,ecarraya
untxi,unchia
untxi,unchia
estandarte,eſtandarte
bekaldu,becaldu
bekaldu,becaldua
aitortegi,aitorteguia
jazar,jazarrá
erakida,eraquida
erakidatu,eraquidatu
erakidatu,eraquidatua
erakide,eraquidea
erara,erara
erakida,eraquida
biltzarkide,biltzarquidea
batzarkide,batzarquidea
egokiro,egoquiró
egokinde,egoquindea
egokiro,egoquiró
erabide,erabidea
itsatsi,itſatſia
irabazkida,irabazquida
irabazkidatu,irabazquidatua
donekidatu,donequidatu
donekidatu,donequidatua
esonde,eſondea
betuste,betuſtea
pozkidatu,pozquidatu
pozkidatu,pozquidatua
ekidatu,equidatu
ekidatu,equidatua
pozkida,pozquida
erkitu,erquitua
zenbatetu,cembatetua
kontatzaile,contatzallea
kontukintza,contuquintza
begirune,beguirunea
pozkidatu,pozquidatu
erakida,eraquida
moldaera,moldaera
aurrandetu,aurrandetu
aurrandetu,aurrandetua
kontrabando,contrabandoa
kontradantza,contradanza
kontraesan,contraeſan
elbarri,elbarria
kontramaisu,contramaiſua
satai,ſataya
salerosi,ſaleroſi
kontrapozoi,contrapozoia
pozkabetu,pozcabetu
pozkabetu,pozcabetua
burkoi,burcoya
elkargo,elcargoá
bilgo,bilgoa
ugariro,ugariro
naroro,naroró
naro,naroa
korbata,corbata
artelazki,artelazquia
artelazki,artelazquia
kortxo,corchoa
txit,chit
adarkada,adarcada
adarkari,adarcaria
adarkatu,adarcatu
beltzurda,belzurda
gorpuztun,gorpuztuna
gorpuzdun,gorpuzduna
baranda,barandá
kakeria,caqueria
eiaka,eyaca
jario,jario
izkina,izquiña
korrika,corrica
galkidatu,galquidatu
gaizkindu,gaizquindú
galkidatu,galquidatu
galkidatu,galquidatua
urduritu,urduritu
gazuratu,gazuratu
begirune,beguirunea
errezel,errecela
makurrera,macurrera
gubia,gubia
orbel,orbelá
kosko,coſcoa
kili,quiliá
kilimelatu,quilimelatu
kilikor,quilicorra
jostun,joſtuná
bekaldetu,becaldetu
bekalde,becaldea
loro,loro
lurruspe,lurruſpea
urgun,urgún
urgun,urguna
lokazur,locazurra
loditasun,loditaſuna
ilgora,ilgorá
siniskor,ſiniſcorra
sinisgarri,ſiñiſgarria
siniskizun,ſiniſquizuna
kizkurtu,quizcurtu
kizkur,quizcurra
zurra,zurra
gandor,gandorra
morroi,morroya
salaketa,ſalaqueta
sukatilu,ſucatillua
kriselu,criſelua
krokodilo,crocodiloa
gogorkiro,gogorquiró
upela,upela
upelagile,upelaguillea
upagin,upaguiña
upeltxo,upelchoa
barrunbe,barrumbea
opots,opotſá
burruntzali,burruntzalia
burruntzali,burruntzalia
aiztu,aiztua
kokorika,cócorica
erratilu,erratillua
alasai,alaſaya
zenbate,cembatea
ale,aleac
garau,garauac
zogiro,zoguiró
zurra,zurrá
zogi,zoguiá
lurruspe,lurruſpea
ardurati,arduratia
ziur,ciurrá
koitadu,coitadua
sutunpa,ſutumpa
sugetzar,ſuguetzarra
erru,erruá
erru,errua
errudun,errudun
kulpadun,culpaduna
tontor,tontorrá
egikaritu,eguicaritu
askidatu,aſquidatu
egikaritu,eguicaritu
edaski,edaſqui
koinata,coñatá
koinata,coinatá
zaitari,zaitaria
osatzailea,oſatzallea
poliki,poliqui
politasun,politaſuna
sarritu,ſarritu
sarritu,ſarritua
sarritu,ſarritua
joaira,joaira
maneatu,maneatu
makurrera,macurrera
segari,ſegaria
damasko,damaſcoa
damatxo,damachoa
kaltar,caltar
aurren,aurrena
kaltegile,calteguillea
jauspen,jauſpena
moldesi,moldeſia
erabaki,erabaqui
erabaki,erabaquia
azalde,azaldea
azaldu,azaldu
azaldu,azaldua
moldesi,moldeſia
erabaki,erabaqui
erabaki,erabaquia
aurren,aurrena
joaira,joaira
jario,jarioa
donkitu,donquitua
eskudatu,eſcudatu
eskudatu,eſcudatua
eskudatzaile,eſcudatzallea
erakaitz,eracaitza
salakera,ſalaquera
salaketa,ſalaqueta
aurren,aurrena
salatzaile,ſalatzallea
limuri,limuria
limurikor,limuricorra
labainkor,labaincorra
segail,ſegailla
betuste,betuſtea
mainati,mañatia
ziamartu,ciamartu
ziamartu,ciamartua
mugatu,mugatu
osterantzeko,oſterantzecoac
arestian,areſtian
mainati,mañatia
alai,alaya
iraindu,iraindu
iraindu,iraindua
trinkatu,trincatu
trinkatu,trincatua
barrendu,barrendu
barrutu,barrutu
barnatu,barnatu
erru,errua
irain,irainá
berezitu,berecitu
esegi,eſegui
dongaro,dongaro
naroro,naroró
likatu,licatua
amildu,amildu
amildu,amildua
joaira,joaira
erroitz,erroitza
burkaitz,burcaitza
erroiztu,erroiztu
burkaiztu,burcaiztu
amildu,amildu
erroiztu,erroiztua
garraztu,garraztu
zorgetu,zorguetu
desitsatsi,deſitſatſi
disidu,diſidú
moldakaizkiro,moldacaizquiró
erakaitz,eracaitzá
desalaitu,deſalaitu
deslotu,deslotu
deslotu,deslotu
gogorkiro,gogorquiro
desanparatu,deſamparatu
desalaitu,deſalaitu
desagertu,deſaguertu
deserrotu,deſerrotu
desitsatsi,deſitſatſi
deslotu,deslotu
lasai,laſaya
senge,ſenguea
zorakeria,zoraqueria
jausbetitu,jausbetitu
jausbetitu,jausbetitua
desneke,deſnequea
akastu,acaſtu
akastu,acaſtua
lotsabagekeria,lotſabaguequeria
lotsabagetu,lotſabaguetu
errebelatu,errebelatu
errebelatu,errebelatu
errebelatu,errebelatua
puskatu,puſcatu
zepa,cepa
zurindu,zurindu
desestali,deſeſtali
desestali,deſeſtalia
lotsabagetu,lotſabaguetu
lotsabagekeria,lotſabaguequeria
desegoki,deſegoquia
erabage,erabaguea
erabagetu,erabaguetua
erabage,erabaguea
eskergero,eſquerguero
kakeria,caqueria
fidakaiztu,fidacaiztu
fidakaiztu,fidacaiztua
urratu,urratu
txikitu,chiquitu
salatzaile,ſalatzallea
estalgetu,eſtalguetu
desestali,deſeſtali
desestali,deſeſtalia
deslaitu,deslaitu
deslaitu,deslaitua
deslai,deslaya
kondar,condarra
gaitzbide,gaitzbidea
lasaitu,laſaitu
desengainatu,deſengañatu
desengainu,deſengañua
jausbetitu,jausbetitu
desloratu,desloratu
indargetu,indarguetu
amildu,amildu
urratu,urratua
desordu,deſordua
berdinez,berdiñeza
desberdindu,desberdindu
maskaldu,maſcaldu
desleialtasun,desleyaltaſuna
inautsi,iñautſi
deslotu,deslotu
deslotu,deslotu
mugatu,mugatu
limuri,limuria
irrista,irriſta
labaintegi,labainteguia
labainkor,labaincorra
limurikor,limuricorra
limuritu,limuritu
irristatu,irriſtatu
kandutu,candutua
traskil,traſquilla
baldan,baldana
traskil,traſquilla
baldankeria,baldanqueria
moldakaitz,moldacaitza
deslaitu,deslaitu
kordebagetu,cordebaguetu
neurkaitz,neurcaitza
jausbetitu,jausbetitu
neurkaitz,neurcaitza
lotsabagetu,lotſabaguetu
erkitu,erquitua
erbestetu,erbeſtetu
atzerritu,atzerritu
desobeditu,deſobeditu
kimatu,quimatu
babil,babilla
lerdatu,lerdatu
zanpatu,zampatu
gogaiterazo,gogaiterazo
alatu,alatu
puskatu,puſcatu
desitsatsi,deſitſatſi
alaitasun,alaitaſuna
erroitz,erroitza
amildu,amildu
kakeria,caqueria
pilatzaile,pillatzallea
pilatu,pillatu
tiragale,tiragaleac
urratu,urratua
puskatu,puſcatu
beregandu,beregandu
soildu,ſoildu
akastu,acaſtu
lokabe,locabea
erausi,erauſi
urruindu,urruindu
urruin,urruña
desitsatsi,deſitſatſi
desitsatsi,deſitſatſi
jalki,jalqui
txorakeria,choraqueria
matrailezur,matrallezurra
garrazkiro,garrazquiro
garraztu,garraztu
odolustu,odoluſtu
odolgabetu,odolgabetu
estalgetu,eſtalguetu
desestali,deſeſtali
itoiti,itoitia
deserritu,deſerritu
erbestetu,erbeſtetu
atzerritu,atzerritu
deserritu,deſerritua
erbestetu,erbeſtetua
atzerritu,atzerritua
desordu,deſordua
deserri,deſerria
erbeste,erbeſtea
itsumutil,itſumutila
bakandu,bacandu
traskil,traſquilla
zorabiatu,zorabiatu
lotsabagetu,lotſabaguetu
lotsabagekeria,lotſabaguequeria
lotsabagetasun,lotſabaguetaſuna
alderagin,alderaguin
astitsu,aſtitſua
gaitzesgarri,gaitzeſgarria
jaiera,jaiera
deboto,devotoa
enaseria,enaſeria
deabrudun,deabruduna
apaizurren,apaizurrena
dialektika,dialectica
arturgi,arturguia
kakeria,caqueria
ziamartu,ciamartu
lotazil,lotacilla
trebero,trebero
banaita,banaitá
txegosi,chegoſia
dina,diña
zabalkiro,zabalquiro
bizitasun,vicitaſuna
jatorri,jatorri
barruti,barrutia
bitezar,bitezarra
ekauta,ecauta
ekautu,ecautu
ekautu,ecautua
zuzendari,zucendaria
artezari,artezaria
erausi,erauſi
zogiro,zoguiro
zogi,zoguia
zurra,zurrá
erakaitz,eracaitza
erakaitz,eracaitza
moldakaitz,moldacaitza
erabage,erabaguea
moldegabe,moldegabea
erkindu,erquindu
erkindu,erquindua
zorakeria,zoraqueria
maneatu,maneatu
epakera,epaquera
bidasti,bidaſtia
mugatu,mugatu
banaita,banaita
barruti,barrutia
mugape,mugapea
banaita,banaita
jostaketa,joſtaqueta
egurastu,eguraſtu
berezitu,berecitua
tolestatu,toleſtatu
amabizko,amabizcoa
errazkiro,errazquiro
jakinbide,jaquinbidea
ikasarazi,icaſaraci
ikaserazo,icaſerazo
maltsotu,malſotu
otzan,otzana
menpetu,mempetu
poliki,poliqui
urreztu,urreztua
logura,logurac
loguratu,loguratu
barruti,barrutia
enura,enurá
duende,duendea
elizai,elizaya
bolingozo,bolingozoa
eztitu,eztitu
gizatxar,guizacharra
arge,arguea
andeza,andeza
ekida,equida
ekidatu,equidatu
ekarrai,ecarraya
ekantza,ecanza
irakurtza,iracurtza
irakurgarri,iracurgarria
irakurgarri,iracurgarria
indargetu,indarguetu
jatorri,jatorria
baira,baira
zingira,cinguira
bialkin,bialquiña
baira,bairá
bultzada,bultzada
sarrera,ſarrera
astotu,aſtotu
puztu,puztu
buiatu,buyatu
nabartu,navartua
katranbilatu,catrambillatu
senartu,ſenartu
eztitu,eztitu
mutuarazi,mutuaraci
lotsati,lotſatia
gogoan jo,gogoan jo
gogoan jo,gogoan joa
lokaztu,locaztu
lokaztu,locaztu
papereztu,papereztu
bultzatu,bultzatu
pikeztatu,piqueztatu
pikeztatu,piqueztatua
bultzada,bulzada
gaizkiagotu,gaizquiagotu
txikertu,chiquertu
txikitu,chiquitu
amorratu,amorratua
pozoitu,pozoitua
bultzada,bultzada
bultzatu,bultzatu
bultzada,bultzada
euskarri,euſcarria
ihakin,ihaquina
besterendu,beſterendu
besterendu,beſterendua
kordebagetu,cordebaguetu
kateatu,cateatu
kateatu,cateatua
kareztatu,careztatu
kareztatu,careztatua
itogarri,itogarria
bideratu,bideratu
bideratu,bideratu
bideratu,bideratua
kandutu,candutu
kandutu,candutua
txuritu,churitu
erkitu,erquitua
sorgindu,ſorguindu
aurkeztu,aurqueztu
aurkeztu,aurqueztua
garestitu,gareſtitu
garestitu,gareſtitua
garestia,gareſtia
oniritzi,oniritzi
oniritzi,oniritzia
barrutu,barrutu
aurkez,aurquez
eripetu,eripetu
eripetu,eripetua
zumitz,zumitza
sustraitu,ſuſtraitu
oi,oyac
erkitu,erquitua
bidalkartu,bidalcartu
baztertu,baztertu
kizkurtu,quizcurtua
gandortu,gandortu
gandortu,gandortua
adastu,adaſtua
upeleratu,upeleratu
upeleratu,upeleratua
erpindu,erpindu
erpindu,erpindua
segail,ſegallá
adia,adiac
adiakatu,adiacatu
gaizkindu,gaizquindu
gaizkindu,gaizquindua
zuzentzaile,zucentzallea
eztitu,eztitu
zurra,zurra
zurkaitz,zurcaitza
zikoitz,cicoitza
likabra,licabra
areriotasun,areriotaſuna
areriotu,areriotu
areriotu,areriotu
gaizkindu,gaizquindua
eritegi,eriteguia
erizain,erizaina
erikor,ericorra
gaiso,gaiſoa
alaitu,alaitu
alaitu,alaitua
erkindu,erquindu
iskanbila,iſcambilla
azaldu,azaldu
trinkatu,trincatu
trinkatu,trincatua
galantu,galantu
galantu,galantua
gandortu,gandortua
engainakor,engañacorra
atzipetzaile,atzipetzallea
atzipetu,atzipetu
zilibokatu,cilibocatu
bairatsu,bairatſua
kakoatu,cacoatu
gartza,gartzá
zalerazo,zalerazo
likurtatu,licurtatu
likurtatu,licurtatua
maskaldu,maſcaldu
nazkatu,nazcatu
nagatu,nagatu
nazkatu,nazcatua
txoratu,choratu
biskatu,biſcatu
txoratu,choratu
leinargitu,leñarguitu
leinargitu,leñarguitua
suminkor,ſumincorra
neurkaitz,neurcaitza
eskergero,eſquerguero
sareztatu,ſareztatu
katranbila,catrambilla
naspiltsu,naſpilſua
sareztatu,ſareztatu
sareztatu,ſareztatua
kizkur,quizcurra
kizkurtu,quizcurtu
kizkurtu,quizcurtua
marranga,marrangá
erlasdura,erlaſdurá
surmur,ſurmurra
zabaltzaile,zabaltzallea
odoldu,odoldu
saiatu,ſayatu
saiatu,ſayatua
estandarte,eſtandarte
ikasarazi,icaſaraci
ikaserazo,icaſerazo
ikasarazi,icaſaracia
kizkurtu,quizcurtu
kizkurtu,quizcurtua
zikindu,ciquindu
urdetu,urdetu
zikindu,ciquindua
estutu,eſtutu
otailugile,otalluguillea
otailutu,otallutua
elbarritu,elbarritua
adiurre,adiurrea
saiatu,ſayatua
adiera,adiera
zulogile,zuloguillea
lurpetu,lurpetu
lurperatu,lurperatu
lurpetu,lurpetua
indartu,indartu
estibatu,eſtibatua
estiba,eſtiba
zuntoi,zuntoya
arrabiatu,arrabiatu
okertu,oquertu
barrutu,barrutu
barrendu,barrendu
entregatu,entregatu
bakandu,bacandu
beregandu,beregandu
jostailu,joſtallua
jostaketa,joſtaqueta
pozaldi,pozaldia
katranbilatu,catrambillatu
arretu,arretu
arretu,arretua
aguretu,aguretu
pozoitu,pozoitu
pozoitu,pozoitua
ondamu,ondamua
bilgo,bilgoa
txertatu,chertatu
eztitu,eztitu
txertatu,chertatua
eztitu,eztitua
txerto,chertoa
aserrarazi,aſſerraraci
titulo,titulo
begitandu,beguitandu
begitandu,beguitandua
mortuar,mortuarra
bakartar,bacartarra
jakintza,jaquintza
liraintasun,liraintaſuna
eskabetxatu,eſcabechatu
eskabetxatu,eſcabechatua
eskala,eſcalá
tolet,toletá
ezkatadun,ezcataduna
aterrune,aterrunea
aterraldi,aterraldia
galtxuri,galchuria
gaitzbide,gaitzbidea
mausa,mauſa
zizeilu,cicellua
eskapulario,eſcapularioa
kakalardo,cacalardoa
karamarro,caramarroa
atela,atelá
jorra,jorra
jorratzaile,jorratzallea
jorrari,jorraria
jorratu,jorratu
jorratu,jorratua
isekari,iſecaria
isekatu,iſecatu
isekatu,iſecatua
iseka,iſeca
ostertxuri,oſterchuria
eskarola,eſcarola
ostertxuri,oſterchuria
eskarola,eſcarola
azalpeko,azalpecoa
murri,murri
iruditegi,iruditeguia
loteki,lotequia
erratz,erratzá
isats,iſatſá
erratz,erratzac
irakurtza,iracurtza
ugarri,ugarria
eskopeta,eſcopeta
eskoplo,eſcoploa
zepa,cepá
arrabio,arrabioa
lupu,lupua
bekatxu,becachua
betxindor,bechindorra
bitor,bitorra
ainbandu,aimbandu
ainbandu,aimbandua
zorabia,zorabia
agerkai,aguercaya
bilakinde,billaquindea
eskudatu,eſcudatu
eskudatu,eſcudatua
katilu,catillua
bilakindu,billaquindu
bilakindetu,billaquindetu
ikasola,icaſolac
otailutu,otallutu
otailutu,otallutua
otailugile,otalluguillea
otailari,otallaria
otailu,otallua
labainkor,labaincorra
limurikor,limuricorra
gizatxar,guizacharra
gartza,gartzá
bertiste,bertiſtea
miruska,miruſca
astitsu,aſtitſua
zabar,zabarra
ezpatatu,ezpatatu
ezpatakin,ezpataquiña
ezpatagile,ezpataguillea
bildurgarri,bildurgarria
ikaragarriro,icaragarriro
izukor,izucorra
izutu,izutu
izu,izua
zukurutz,zucurutza
miruska,miruſca
berezitu,berecitu
igurikarazi,iguricaraci
erkitu,erquitua
ziazerba,ciacerba
arantzatu,aranzatu
bizkarrezur,bizcarrezurra
marboil,marboilla
gaizkindu,gaizquindu
alai,alaya
megope,megopea
naroro,naroro
narotasun,narotaſuna
naro,naroa
ezproi,ezproya
apar,aparra
apartsu,apartſua
eskuadra,eſcuadra
eskuadra,eſcuadra
eskuadroi,eſcuadroya
txanel,chanela
muskildu,muſquildua
muskil,muſquilla
izaira,izaira
bizibide,bicibidea
bizimodu,bicimodua
zartada,zartada
zirraida,cirraida
igortzi,igortzi
tailu,tallua
tailuntza,tallunza
tailugile,talluguillea
tailu,tallua
tailu,taillua
estera,eſtera
zimaurtu,cimaurtu
goroztegi,gorozteguia
soiltasun,ſoiltaſuna
soildu,ſoildu
bularrezur,bularrezurra
goroztegi,gorozteguia
zimaur,cimaurra
inaurkin,iñaurquina
basara,baſara
itoiti,itoitia
estimagarri,eſtimagarria
estimagarri,eſtimagarria
zirikatu,ciricatu
estutu,eſtutu
estomago,eſtomagoa
urdail,urdalla
eragozketa,eragozqueta
zozabar,zozabarra
estutu,eſtutu
igortzi,igortzi
igortzi,igortzia
eraio,erayo
izartxo,izarchoa
euskaritxo,euſcarichoa
irozgarri,irozgarria
sorki,ſorquia
elbarritu,elbarritu
makaldu,macaldú
elbarritu,elbarritua
makaldu,macaldua
ekida,equida
dunbots,dumbotſa
mastrikatu,maſtricatu
lerdatu,lerdatu
mastrikatu,maſtricatua
kiskaldu,quiſcaldu
betiro,betiró
betiraunde,betiraundea
betiraun,betirauna
gertaera,guertaera
garraztu,garraztu
bilakinde,billaquindea
bilakindu,billaquindu
odolbage,odolbaguea
atxa,achá
biltoki,biltoquia
lokabe,locabea
lokabetu,locabetua
progu,progua
bukatu,bucatua
lokabetu,locabetu
irteera,irteera
erbeste,erbeſte
azalde,azaldea
azaldu,azaldu
erabaki,erabaqui
azaldu,azaldua
bilakinde,billaquindea
bilakindu,billaquindu
azaldu,azaldu
azaldu,azaldua
erkitu,erquitua
erabage,erabaguea
erabage,erabagué
zabalkiro,zabalquiro
luzaera,luzaera
erkitu,erquitu
erkitu,erquitua
atzetu,atzetu
erbestetu,erbeſtetu
atzetu,atzetua
atzerritu,atzerritua
ikazkintza,icazquintza
ekida,equida
oialkin,oyalquiña
ikazkintza,icazquintza
ekida,equida
oialkin,oyalquiña
ekidatu,equidatua
ipuintari,ipuintaria
erausi,erauſi
aisatu,aiſatu
errazkiro,errazquiro
gaiztakin,gaiztaquiña
bilgo,bilgoa
nauder,nauderra
igitaitu,iguitaitu
itaitu,itaitu
aldaro,aldaroa
ale,alea
etxadi,echadia
irudipen,irudipena
irudipen,irudipena
betetzaile,betetzallea
bilgo,bilgoa
begizko,beguizcoa
begitandu,beguitandu
nazkatu,nazcatu
nagatu,nagatu
nazkatu,nazcatua
nazka,nazcá
naga,nagá
ontarte,ontartea
ugariro,ugariró
naroro,naroro
oparo,oparó
ugaritu,ugaritua
ugaritasun,ugaritaſuna
naro,naroa
zoriondu,zoriondu
bezero,beceroa
felpa,felpa
felpa,felpa
bukatu,bucatu
bukaera,bucaera
katabu,catabua
sumindura,ſumindura
askai,aſcaya
pozaldi,pozaldia
poztu,poztua
euskarri,euſcarria
supertasun,ſupertaſuna
pozaldi,pozaldia
askai,aſcaya
buztinki,buztinquia
farragarri,farragarria
begitandu,beguitandu
egokinde,egoquindea
iragazi,iragaci
iragazi,iragacia
keina,queina
fineza,finezá
firma,firmá
salatzaile,ſalatzallea
isekatu,iſecatu
isekari,iſecaria
saiatu,ſayatua
eskudatu,eſcudatu
desalaitu,deſalaitu
txirola,chirola
txirolari,chirolaria
loretxo,lorecho
loratxo,lorachoa
lorontzi,loroncia
basozai,baſozaya
loratsu,loratſua
ontzidi,oncidia
nagiro,naguiró
baldankeria,baldanqueria
lasai,laſai
lasai,laſaia
zalantza,zalanzá
jario,jarioa
sutsu,ſutſua
sudun,ſuduna
aurren,aurrena
iturrikintza,iturriquintza
iturrigile,iturriguillea
eraz,eraz
indartu,indartu
indarti,indartia
zatikor,zaticorra
aldaro,aldaroa
lokabe,locabea
zatikor,zaticorra
bilgo,bilgoa
lokabetu,locabetu
lokabetu,locabetua
lokabe,locabea
lokabe,locabea
frasko,fraſcoa
anaitar,anaitarra
anaitar,anaitarra
igortzi,igortzia
garbitoki,garbitoquia
erragosi,erragoſi
erragosi,erragoſia
amorratu,amorratua
zorabia,zorabia
betondo,betondoa
sarriro,ſarriro
lizardi,lizardia
erragosi,erragoſia
igortzi,igortziac
igortzi,igortzi
erragosi,erragoſia
orritsu,orritſua
igortzi,igortzia
iturritxo,iturrichoa
indarti,indartia
zimel,cimelá
sendoro,ſendoró
kedartsu,quedartſua
ziztatu,ciztatu
ziztatu,ciztatua
kealdi,quealdia
urtzaile,urtzallea
negargarri,negargarria
progu,progua
urruin,urruña
eskopeta,eſcopeta
irozgarri,irozgarria
erratilu,erratillua
txirolari,chirolaria
galaikiro,galaiquiro
galai,galaya
baldan,baldana
txartes,charteſa
kolka,colca
oilategi,ollateguia
era,era
irabazle,irabazlea
antzarkume,antzarcumea
piztia,piztia
atzaparkada,atzaparcada
gorro,gorroa
erru,errua
gargara,gargara
lapar,laparra
txirrita,chirritá
katutxo,catuchoa
gabiazai,gaviazaya
gabiatxo,gaviachoa
gabieta,gavieta
mirotz,mirotza
kaio,cayoa
autsiabartza,autſiabarza
gazeta,gazeta
adiakari,adiacaria
sorterro,ſorterroa
garbo,garbo
fedebagetu,fedebaguetu
lurtar,lurtarra
keinulari,queñularia
karnaba,carnaba
maitakiro,maitaquiro
ezkurdun,ezcurduna
azaldu,azaldu
azaldu,azaldua
itsaskor,itſaſcorra
elai,elaya
kolpeatu,colpeatu
kolpetxo,colpechoa
loditasun,loditaſuna
gorro,gorroa
itoiti,itoitia
poztu,poztu
ongite,onguitea
ongile,onguillea
belatxiki,belachiquia
eskergero,eſquergueró
altegi,alteguia
garautegi,garauteguia
baserritar,baſerritarra
garautxo,garauchoa
txingor,chingorra
txingor,chingorra
etxalde,echaldea
garau,garaua
zikindu,ciquindua
doan,doan
doarik,doaric
otailu,otallua
astungarri,aſtungarria
zirritu,cirritua
kirkir,quirquirra
deadarkari,deadarcaria
ojulari,ojularia
koipe,coipea
amabizko,amabizco
kurrunka,currunca
kurrunkari,curruncaria
segari,ſegaria
makatz,macatza
morroi,morroya
zaplada,zaplada
zaitza,zaitza
gordari,gordaria
gordari,gordaria
gordatzaile,gordatzallea
guaiako,guayacoa
gerrazale,guerrazalea
kaio,cayo
keinada,queñada
gisatu,guiſatua
pozik,pocic
pozik,pocic
zintzo,cintzoa
zintzo,cintzó
zintzotu,cintzotu
bizitegi,biciteguia
biztanle,biztanlea
bizitu,bicitu
biztandu,biztandu
erausle,erauslea
hitzontzi,hitzontzia
erausi,erauſia
hitzontzikeria,hitzontziqueria
berritsukeria,berritſuqueria
ipuin,ipuiña
oles,oles
balakari,balacaria
mirotz,mirotza
harmonia,harmonia
arpeo,arpeoa
asealdi,aſealdia
nazka,nazcá
otamen,otamena
gaizkindu,gaizquindu
txoratu,choratu
egitura,eguitura
egitura,eguitura
usandu,uſandua
jela,gelá
zirritu,cirritua
pitzatu,pitzatu
pitzatu,pitzatua
belardi,belardia
belartza,belartza
belartza,belartza
belartsu,belartſua
anaitar,anaitarra
anaitu,anaitu
anaitu,anaitua
erakidatu,eraquidatu
erakida,eraquida
elkarte,elcartea
poliki,poliqui
galantu,galantu
legen,leguena
errementari,errementaria
burdinola,burdinola
zalantza,zalanza
sekere,ſequerea
idorberi,idorberia
jatorri,jatorri
jela,gelá
lasai,laſai
nasaigarri,naſaigarria
kadartzu,cadartzua
irule,irulea
ardazle,ardazlea
puztu,puztu
puztu,puztua
maira,maira
ibaizaldi,ibaizaldia
kondaira,condairá
kondairale,condairalea
nagitzar,naguitzarra
muturdun,muturduna
ostotu,oſtotu
orritu,orritu
orriztatu,orriztatu
orbel,orbela
orritsu,orritſua
nasai,naſai
nasai,naſai
lasaitasun,laſaitaſuna
lasai,laſai
nasai,naſai
jostailu,joſtallua
jostaketa,joſtaqueta
kedartsu,quedartſua
gizatzar,guizatzarra
gizatxar,guizacharra
besaburu,beſaburua
gizatzar,guizatzarra
gizatxar,guizacharra
kondar,condarra
aitzurle,aitzurlea
urkuilo,urculloa
marboil,marboilla
txingurri,chingurria
arbazta,arbaztac
urkuilo,urculloa
altegi,alteguia
urdakeria,urdaqueria
barazki,barazquia
erratilu,erratillua
arroztegi,arrozteguia
arroztegi,arrozteguia
eritegi,eriteguia
igitai,iguitaya
muturkatu,muturcatua
goldari,goldaria
aztarna,aztarna
ostalari,oſtalaria
arraultza,arraultza
bustiro,buſtiroa
ezabizi,ezabicia
unore,unorea
ardore,ardorea
lapurreria,lapurreria
lapurreta,lapurreta
usandu,uſandu
lusuil,luſulla
zeagi,ceaguia
sutsu,ſutſua
sudun,ſuduna
jakinez,jaquiñeza
tailuntza,talluntza
irudikor,irudicorra
aldaira,aldaira
bertatik,bertatic
lokabe,locabea
lokabe,locabea
eragozketa,eragozqueta
elbarri,elbarria
elbarritu,elbarritua
elbarritu,elbarritu
bultzatu,bulzatu
bultzatu,bulzatua
menpetu,mempetu
aginde,aguindea
maukera,mauquera
bultzada,bultzada
lumabage,lumabaguea
aski,aſqui
salgaizta,ſalgaizta
moldizkira,moldizquira
moldiztegi,moldizteguia
moldizkira,moldizquira
ekantza,ecanzá
mugidaldatu,muguidaldatu
mugidaldatu,muguidaldatua
moldizkiratu,moldizquiratua
irain,iraina
kontraesan,contraeſana
sualdi,ſualdia
aurren,aurrena
gertaera,guertaera
epaiketa,epaiqueta
jakinez,jaquiñeza
ezagutezin,ezaguteciña
odolbage,odolbaguea
landubage,landubaguea
arradiza,arradiza
jakinez,jaquiñeza
ekarrai,ecarraya
askatezin,aſcateciña
aldun,alduna
kararri,cararria
puztu,puztu
buiatu,buyatu
puztu,puztua
toles,toleſá
egikaritu,eguicaritu
egikaritu,eguicaritua
bilakindu,billaquindu
bilakinde,billaquindea
erabage,erabaguea
sarrera,ſarrera
irain,iraina
betzigo,betzigoa
iraindu,iraindua
berritzaile,berritzallea
gelkaitz,guelcaitza
gelkaitz,guelcaitza
bilakindu,billaquindu
bilakindu,billaquindua
bilakinde,billaquindea
begiratzaile,beguiratzallea
lankai,lancaya
agerkai,aguercaya
garaitezin,garaiteciña
adia,adia
adiera,adiera
adiera,adiera
erabage,erabaguea
maltzur,maltzurra
barrendu,barrendu
barrutu,barrutu
barnatu,barnatu
barrendu,barrendua
azalde,azaldea
azaldu,azaldu
azaldu,azaldua
barrendu,barrendu
barrutu,barrutu
katranbilatu,catrambillatu
sarrera,ſarrera
baliobagetu,baliobaguetu
baliobage,baliobaguea
negutegi,neguteguia
negutu,negutu
negutar,negutarra
ikusezin,icuſeciña
ikusezin,icuſeciña
arrendu,arrendu
arrendu,arrendua
uztargi,uztarguia
narrikatu,narricatu
narrikatu,narricatua
ugarte,ugartea
ugartear,ugartearra
berriztu,berriztu
itegi,iteguia
erlabio,erlabioa
berriztu,berriztu
itegi,iteguia
erlabio,erlabioa
moredin,morediná
txarrotxo,charrochoa
txarro,charroa
nabarri,navarria
jostailu,joſtallua
baberruma,baberrumac
jostailu,joſtallua
ekadoi,ecadoya
biraudun,birauduna
barruti,barrutia
ekadoi,ecadoya
lanari,lanaria
lantegi,lanteguia
aitzurle,aitzurlea
nekazari,necazaria
atxurkintza,achurquintza
baserritar,baſerritarra
urratu,urratu
urratu,urratua
laburkiro,laburquiro
adrailu,adrallua
lapurtegi,lapurteguia
lapurreria,lapurreria
lapurreta,lapurreta
makartsu,macartſua
tolare,tolarea
surangila,ſuranguilla
negartsu,negartſua
argiontzi,arguiontzia
lapaz,lapaza
argiontzi,arguiontzia
zardai,zardaya
otarrain,otarraina
otarraintxo,otarrainchoa
koipatu,coipatua
oparo,oparó
kupitu,cupitu
kupitu,cupitua
zartada,zartada
zartadako,zartadacoa
garbitoki,garbitoquia
garbiketa,garbiqueta
txuriketa,churiqueta
lasaigarri,laſaigarri
nasaigarri,naſaigarria
laiatu,layatua
laiari,layaria
itsumutil,itſumutilla
leialkiro,leyalquiro
erbikume,erbicumea
irakurtza,iracurtza
urraza,urraza
irakurgarri,iracurgarria
barazki,barazquia
misto,miſtoa
misto,miſtoa
kako,cacoa
geldiera,gueldiera
astitsu,aſtitſua
egurgile,egurguillea
egurkin,egurquiña
legenar,leguenarra
legenartsu,leguenartſua
kantatxo,cantachoa
karkaba,carcaba
arintxo,arincho
lisiba,liſiba
gobada,gobada
lokabetzaile,locabetzallea
lokabetu,locabetua
zalantza,zalanza
liburutegi,liburuteguia
librugile,libruguillea
gudari,gudaria
gudatu,gudatu
mugatu,mugatua
limosnagile,limoſnaguillea
poliki,poliqui
txukunkiro,chucunquiro
politasun,politaſuna
txukunkeria,chucunqueria
karramatu,carramatu
leunkiro,leunquiro
elbarritu,elbarritua
zerrendatu,cerrendatua
jakintza,jaquintza
kisket,quiſqueta
deigarri,deigarria
zalegarri,zalegarria
zain belar,zain belarra
elder,eldera
ailegatu,allegatu
betero,betero
eroakizun,eroaquizuna
naro,naroac
naro,naroa
neu,neu
negargile,negarguillea
negartu,negartua
bisuts,biſutſa
euritsu,euritſua
txori,choria
lupu,lupua
txoro,choroa
txoratu,choratu
txorakeria,choraqueria
zorakeria,zoraqueria
lupetza,lupetza
zingira,cinguira
zingiradi,cinguiradia
lupetza,lupetza
txitxare,chicharea
hitzontzikeria,hitzontziqueria
berritsukeria,berritſuqueria
erausi,erauſia
erausle,erauslea
hitzontzi,hitzontzia
isats,iſatſac
limuri,limuria
labain,labaña
burruka,burruca
guda,guda
burrukari,burrucaria
gudari,gudaria
gudatu,gudatu
argiro,arguiro
argitsu,arguitſua
argitsu,arguitſua
argidun,arguiduna
negargarri,negargarria
igortzi,igortzi
sualdi,ſualdia
argitsu,arguitſua
alditsu,alditſua
lorontzi,lorontzia
lankai,lancaya
damandre,damandrea
mataza,mataza
kaudan,caudaná
kaudan,caudaná
elder,eldera
eltasun,eltaſuna
maisukiro,maiſuquiro
maskal,maſcala
maisukeria,maiſuqueria
erkitu,erquitua
mailatu,mallatu
matutia,matutia
saletxe,ſalechea
dongaro,dongaro
dongetasun,donguetaſuna
gaiztotasun,gaiztotaſuna
madarikazio,madaricacioa
dongetu,donguetu
sasite,ſaſitea
orbel,orbela
dongetasun,donguetaſuna
aidur,aidurra
txit,chit
gaiztratatu,gaiztratatu
gaiztratatu,gaiztratatua
dongaro,dongaro
gaiztakin,gaiztaquiña
edoskaldi,edoſcaldia
mankatu,mancatu
elbarritu,elbarritu
galai,galaya
natutu,natutu
elkarte,elcartea
aginde,aguindea
saletxe,ſalechea
urrilo,urriloa
kirten,quirtena
txatar,chatarra
agerle,aguerlea
ongile,onguillea
azao,azaoa
metatxo,metachoa
eskuzorro,eſcuzorroa
eskukatu,eſcucatu
elbarritasun,elbarritaſuna
maltsotasun,malſotaſuna
zamau,zamaua
irozo,irozó
zartada,zartada
balenka,balenca
putakume,putacumea
zintzoro,cintzoró
zintzo,cintzoa
mainati,mañatia
sasite,ſaſitea
sasidi,ſaſidia
katranbila,catrambilla
uxaldu,uſyaldu
mastrikatu,maſtricatu
ubazter,ubazterrá
baztertu,baztertu
marisa,mariſa
marixa,mariſya
elkarte,elcartea
senartu,ſenartu
itsastar,itſaſtarra
magurio,magurioa
ekida,equida
goiende,goyendea
artemein,artemeiñ
mailukada,mallucada
mailukari,mallucaria
txikitu,chiquitu
malmetitu,malmetitu
zorna,zorná
zoli,zolia
amatar,amatarra
zintzo,cintzoa
emasabeldar,emaſabeldarra
etxandre,echandrea
maukari,maucaria
nagusitu,naguſitu
ozentatu,ocentatu
artaburu,artaburua
prestuezkeria,preſtuezqueria
prestuez,preſtueza
sendagai,ſendagaya
obaldi,obaldia
damorri,damorria
akastu,acaſtu
akastu,acaſtua
biki,biquia
bizki,bizquia
muxika,muxica
gogoangarri,gogoangarria
oroikarri,oroicarria
oroitza,oroitza
gogoangarri,gogoangarria
oroikarri,oroicarria
aitamen,aitamena
oroitza,oroitza
premiadun,premiaduna
gitxitu,guichitu
txoro,choroa
gezurtxo,guezurchoa
nasbage,nasbague
onkaitu,oncaitu
onkaitu,oncaitua
onkai,oncaya
gitxitu,guichitu
mermelada,mermeladá
ostalari,oſtalaria
otadi,otadia
begirune,beguirunea
sarrera,ſarrera
izu,izua
mielka,mielcá
katuarrai,catuarraya
arreta,arreta
mirari,miraria
miraritsu,miraritſua
gudari,gudaria
zume,zumea
zumitz,zumitza
bufoi,bufoya
meatzari,meatzaria
txit,chit
ekadoi,ecadoya
txikitu,chiquitu
txikitu,chiquitua
txikigarri,chiquigarria
begirada,beguirada
begaldi,begaldia
begiratzaile,beguiratzallea
begiratzaile,beguiratzallea
zikoitz,cicoitza
zikoizkeria,cicoizqueria
errukitsu,erruquitſua
misio,miſſioa
misionista,miſſioniſta
gozatzaile,gozatzallea
gaztekeria,gaztequeria
mutiltzar,mutiltzarra
mutiltxo,mutilchoa
moldakaitz,moldacaitza
igara,igará
biguin,biguña
era,eraa
tximu,chimua
tximino,chimino
tximu,chimua
bakartegi,bacarteguia
garbiketa,garbiqueta
buzkantz,buzcantzá
estaki,eſtaquia
estaki,eſtaqui
kaskamotz,caſcamotza
jakinez,jaquiñeza
mezulari,mezularia
bidutzi,bidutzia
ezkurdi,ezcurdia
menditar,menditarra
menditxo,mendichoa
muno,munoa
menditsu,menditſua
basati,baſatia
menditxo,mendichoa
basati,baſatia
menditar,menditarra
ukabilkatu,ucabilcatu
dindirri,dindirria
bizitegi,viciteguia
ortxikatu,orchicatu
ope,ope
motrairu,motrairua
motrailu,motraillua
hilduratu,hilduratu
eulitzar,eulitzarra
beltzuntza,belzunza
beltzuntza,belzunza
txantxagorri,chanchagorria
eulitzar,eulitzarra
eulitzar,eulitzarra
eltxo,elchoa
muztiatu,muztiatu
kantatxo,cantachoa
txirrita,chirritac
gizatzar,guizatzarra
mutiltzar,mutiltzarra
aldakor,aldacorra
aldaira,aldaira
burnigita,burniguita
biguin,biguña
akats,acatſa
muskildu,muſquildu
muskildu,muſquildua
era,era
anddere,anyerea
kirten,quirtenac
murrutu,murrutua
murmur,murmurra
arbiska,arbiſcá
lauso,lauſoa
basaku,baſacua
armiarma,armiarma
dierri,dierria
ezerezkeria,ecerezqueria
lilipa,lilipa
akara,acara
kondaira,condairá
ekarrai,ecarraya
izaira,izaira
ugarotu,ugarotu
bisuts,biſutſa
odaitsu,odaitſua
lainotsu,lañotſua
ukaera,ucaera
deslai,deslaya
zumar,zumarra
zumardi,zumardia
usagari,uſagaria
albetxe,albechea
basati,baſatia
igebedar,iguebedarra
ilberri,ilberria
orapilo,orapillo
leinargi,leñarguia
gautar,gautarra
intxaur saltsa,inchaur ſaltſa
notario,notarioa
jakintza,jaquintza
luberri,luberria
idisko,idiſcoa
zenbatetu,cembatetu
zenbatetu,cembatetua
igaraba,igarabá
andderusa,anyeruſa
andderusa,anyeruſa
obedierazo,obedierazo
obediarazi,obediaraci
obedierazo,obedierazo
obediarazi,obediaraci
metarri,metarria
metarri,metarria
arazo,arazo
okertu,oquertu
okertu,oquertua
lanari,lanaria
arreta,arretá
arreta,arreta
egikaritu,eguicaritu
eragozketa,eragozqueta
burkoi,burcoya
mugaldi,mugaldia
sartalde,ſartaldea
aroi,aroya
zortziurren,zortziurrena
zortziurren,zortziurrena
bildil,bildilla
usbetatu,usbetatu
usbetatu,uſbetatua
gaitzesgarri,gaitzeſgarria
iraindu,iraindua
iraingarri,iraingarria
aurren,aurrenac
erasan,eraſan
lantegi,lanteguia
kandu,candua
kandutu,candutu
begirada,beguiradá
usaitsu,uſaitſua
olibo,olivoa
olibadi,olivadia
te,té
lapikotzar,lapicotzarra
eltzegile,eltzeguillea
eltzekin,eltzequiña
lapikogin,lapicoguiña
zumardi,zumardia
zumar,zumarra
usaitsu,uſaitſua
urrintsu,urrintſua
baresare,bareſarea
guzialdun,gucialduna
txolarte,cholartea
astorki,aſtorquia
egiera,eguiera
naro,naroa
aurkaratu,aurcaratu
mugon,mugoná
gudari,gudaria
irain,iraina
hitzaldi,hitzaldia
bisuts,biſutſa
ordendu,ordendu
ordendu,ordendua
jatzi,jatzi
jetzi,jetzi
jatzi,jatzia
jetzi,jetzia
sarritan,ſarritan
egurastu,eguraſtua
kirten,quirtenac
akertxo,aquerchoac
organista,organiſta
sortaldear,ſortaldearra
sortalde,ſortaldea
urregile,urreguillea
jatorri,jatorria
pixegin,piſyeguin
apainketa,apainqueta
osin,oſiña
osin,oſiná
bekatxu,becachua
mirari,miraria
erranditsu,erranditſua
atezai,atezaya
begiratzaile,beguiratzallea
otadi,otadia
muno,munoa
errakai,erracaya
errakin,erraquiña
errakai,erracaya
errakin,erraquiña
aitorde,aitordea
apaidin,apaidiña
laguntari,laguntaria
lista,liſta
karamarro,caramarroa
lastategi,laſtateguia
hiztxo,hizchoa
berbatxo,verbachoa
eztitu,eztitu
eztitu,eztitu
makilatu,maquillatua
balenka,balenca
makilada,maquillada
txartes,charteſa
txuriketa,churiqueta
txuritu,churitu
ubeltasun,ubeltaſuna
txotx,chocha
txotx,chochac
zaplada,zaplada
pagauso,pagauſoa
usotxo,uſochoa
txotx,chochac
zingiradi,cinguiradia
muskil,muſquilla
berdalatz,berdalatza
okintegi,oquinteguia
ostikada,oſticada
zaldabai,zaldabaya
zaldabai,zaldabaya
altegi,alteguia
artale,artalea
artaburu,artaburua
zingira,cinguira
urratu,urratua
loro,loroa
papeltegi,papelteguia
papertxo,paperchoa
papertxo,paperchoa
dirualdi,dirualdia
paratzaile,paratzallea
zilibokatu,cilibocatua
arre,arreá
arretu,arretua
iduri,iduri
begitandu,beguitandu
antzeko,antzecoa
progu,progua
bekalde,becaldea
bekaldetu,becaldetu
erausle,erauslea
hitzontzi,hitzontzia
hitzontzikeria,hitzontziqueria
erausi,erauſia
berritsukeria,berritſuqueria
erausi,erauſi
hizkunde,hizcundea
txanpon,champona
gordategi,gordateguia
bezero,beceroa
apezaita,apezaita
zatitxo,zatichoa
irakurtza,iracurtza
joaira,joaira
gizadi,guizadia
kordebagetu,cordebaguetu
kordebagetu,cordebaguetua
euskarri,euſcarria
pasaporte,paſaportea
ibiltari,ibiltaria
ibiltegi,ibilteguia
ibilera,ibillera
jaiera,jayerá
ostikada,oſticada
oinkada,oincada
urgun,urguna
maki,maquia
ipuin,ipuña
aitalen,aitalena
aitaurren,aitaurrena
etxajaun,echajauna
etxandre,echandrea
pabana,pavana
geldo,gueldoa
txoritxo,chorichoa
txori,choria
nakan,nacana
umantzi,umancia
lapurreta,lapurreta
bereki,berequia
puskatxo,puſcachoa
zatitxo,zatichoa
zai,zaya
zuntoi,zuntoya
txingor,chingorra
itsaskor,itſaſcorra
itsatsi,itſatſi
erantsi,eranſi
orraztari,orraztaria
orrazatu,orrazatu
orrazatu,orrazatua
motxaile,mochallea
kardari,cardaria
guda,gudá
gudari,gudaria
gudatu,gudatu
maneatzaile,maneatzallea
gaitzurre,gaitzurrea
iletxo,illechoa
zimikatu,cimicatu
zimiko,cimicoa
zabarkeria,zabarqueria
enaseria,enaſeria
zabar,zabarra
bilotsu,bilotſua
pilotakin,pillotaquiña
moltso,moltſoa
oroldio,oroldioa
gandor,gandorra
zintzilika,cincilica
estandarte,eſtandartea
zerrenda,cerrenda
tantai,tantaya
barnatu,barnatu
barrendu,barrendu
barrutu,barrutu
barnari,barnaria
zoli,zolia
ziur,ciurra
arkaizdi,arcaizdia
lanaldi,lanaldia
lanaldi,lanaldia
peonia,peonia
zibota,cibota
kio,quioa
txikitxo,chiquichoa
galera,galerá
galera,galerá
galduan,galduan
barkamen,barcamena
beilari,beillaria
betiro,betiró
perrexil,perrexilla
nagiro,naguiro
bagai,bagaya
desleialtasun,desleyaltaſuna
bilorruski,bilorruſquia
loro,loro
kaltedun,calteduna
baimendu,baimendua
betiro,betiro
betiraunde,betiraundea
betiraun,betirauna
zalantza,zalantzá
zakur,zacur
txit,chit
dongaro,dongaró
zakurtzar,zacurtzarra
pertsekuzio,perſecucioa
pertsegitzaile,perſeguitzallea
kaltarraitu,caltarraitu
kaltarraitu,caltarraitua
txatar,chatarra
ziur,ciurra
sinisterazo,ſiniſterazo
sinistarazi,ſiniſtaraci
zardai,zardaya
setati,ſetatia
egokiro,egoquiro
makatz,macatza
ameskaitz,ameſcaitza
arrandegi,arrandeguia
arrantzatu,arranzatu
arrantzatu,arranzatua
masaileko,maſallecoa
belarrondoko,belarrondocoa
ganbela,gambelá
peseta,peſeta
bilakinde,billaquindea
kisket,quiſqueta
lepazaki,lepazaquia
puskatu,puſcatu
arriolio,arriolioa
urrikalti,urricaltia
kisket,quiſqueta
poto,potoa
mokokada,mococada
erausi,erauſi
zorroztarri,zorroztarria
botarri,botarria
jataldi,jataldia
mandiota,mandiota
sutunpa,ſutumpa
lapurreta,lapurreta
lapurreria,lapurreria
pipermin,pipermiña
katuarrai,catuarraya
muskil,muſquilla
aldaro,aldaroa
koipetsu,coipetſua
natu,natua
antzestu,antzeſtu
antzestu,antzeſtua
pipatxo,pipachoa
itsaslapur,itſaslapurra
itsaslapurreta,itſaslapurreta
aztarna,aztarna
makartsu,macartſua
txotx,chocha
pozik,pozic
txit,chit
plantxa,plancha
plantxa,plancha
landatzaile,landatzallea
landaretxo,landarechoa
sabi,ſabia
adia,adia
erosta,eroſta
adia,adiac
platano,platanoa
hitzaldi,hitzaldia
platertxo,platerchoa
plazatxo,plazachoa
toles,toleſa
tolestu,toleſtu
tolestatu,toleſtatu
tolestu,toleſtua
betero,beteró
ilbete,ilbetea
toles,toleſa
lumatsu,lumatſua
lumadi,lumadia
lumatxo,lumachoa
diatu,diatu
diabetatu,diabetatu
diatu,diatua
gaiso,gaiſoa
urdandegi,urdandeguia
inautsi,iñautſia
almen,almená
aldun,alduna
lotoskinde,lotoſquindea
lotoskari,lotoſcaria
sits,ſitſa
txartel,chartela
astotxo,aſtochoa
sutauts,ſutautſa
austun,auſtuna
sartalde,ſartaldea
diatu,diatua
gutxitasun,guchitaſuna
urdakeria,urdaqueria
atezai,atezaya
sarbide,ſarbidea
iganbide,igambidea
bidasari,bidaſaria
mirari,miraria
atezai,atezaya
akats,acatſa
etxajaun,echajauna
egoera,egoera
menpetu,mempetu
menpetu,mempetua
te,te
erantsi,eranſia
auzpetu,auzpetu
auzpetu,auzpetua
atzen,atzena
egoera,egoera
zuku,zucua
almen,almenac
aldun,alduna
txiko,chicoa
sartaurre,ſartaurrea
aginde,aguindea
preziotsu,preciotſua
baliotsu,baliotſua
burkaitz,burcaitza
burkaiztu,burcaiztu
urduritu,urduritu
amilkor,amilcorra
dina,diña
somatu,ſomatu
otsande,otſandea
dianagusi,dianaguſia
eldubage,eldubaguea
euskarri,euſcarria
itsatsi,itſatſia
itsatsi,itſatſi
itsatsi,itſatſia
trinkatu,trincatu
prentsatu,prenſatua
seindun,ſeinduna
prestaera,preſtaera
maneatu,maneatu
maneatzaile,maneatzallea
dianagusi,dianaguſia
apaiztar,apaiztarra
berezitu,berecitu
bertatik,bertatic
bertatiko,bertaticoa
aurkeztu,aurqueztu
aurkeztu,aurqueztua
aurkeztu,aurqueztu
dianagusi,dianaguſia
aurren,aurrena
euskarri,euſcarria
estutasun,eſtutaſuna
presaka,preſaca
presaka,preſaca
baira,baira
bertatik,bertatic
usteko,uſtecoa
estutu,eſtutu
agintaldi,aguintaldia
goiartu,goyartu
garaile,garailea
prestaera,preſtaera
lenengo,lenengoa
koipeztatu,coipeztatu
koipatu,coipatua
koipe,coipea
prozeso,proceſoa
mirari,miraria
barnatu,barnatu
barrendu,barrendu
barrutu,barrutu
barnatu,barnatua
txatar,chatarra
hitzaurre,hitzaurrea
luzaera,luzaera
luzaera,luzaera
aginde,aguindea
promestu,promeſtu
muno,munoa
aztiatu,aztiatu
nasbage,nasbaguea
egokiro,egoquiro
eripetu,eripetu
eripetu,eripetua
aurrandetu,aurrandetu
estalpe,eſtalpea
zuzkitu,zuzquitu
letarta,letartá
ahaika,ahaicá
ataika,ataicá
ahaikari,ahaicaria
ahaikatzaile,ahaicatzallea
ahaikatu,ahaicatu
ahaikatu,ahaicatua
zogi,zoguia
zurra,zurra
zogiro,zoguiro
proba,proba
otsande,otſandea
agertarazi,aguertaraci
otsande,otſandea
lotsagarri,lotſagarria
zubitxo,zubichoa
txerri,cherria
txerri,cherri
langa,langá
goiende,goyendea
arkakuso,arcacuſoa
erpuru,erpurua
erpuru,erpurua
poliki,poliqui
polikiro,poliquiro
txukunkiro,chucunquiro
politasun,politaſuna
txukun,chucuna
birikeri,biriqueria
pulpitu,pulpitua
mamitsu,mamitſua
puntada,puntada
josketa,joſqueta
estiba,eſtiba
josketa,joſqueta
izutu,izutu
zorna,zorná
putazale,putazalea
usteko,uſtecoa
zorna,zorná
putazale,putazalea
usteko,uſtecoa
mandiota,mandiota
laurdendu,laurdendu
laurdendu,laurdendua
kartoi,quartoya
zatikor,zaticorra
errukitu,erruquitu
errukitu,erruquitu
gelditxo,gueldicho
espa,eſpá
erraki,erraquia
kiskaldu,quiſcaldu
kiskaldu,quiſcaldua
gaztagin,gaztaguiña
kontz,contza
galera,galerá
geldiera,gueldiera
kintal,quintalá
matrailezur,matraillezurra
matrailezur,matraillezurra
errefautxo,errefauchoa
arrabiatu,arrabiatu
amorratu,amorratu
arrabiatu,arrabiatua
amorratu,amorratua
mardo,mardoa
mordo,mordoa
zuzitu,zucitua
arrakada,arracada
ematoro,ematoroa
basatetxe,baſatechea
elkarte,elcartea
igeltxo,iguelchoa
azerikeria,azeriqueria
urratu,urratua
atzapartu,átzapartu
ortxikatu,orchicatu
izaira,izaira
berrartu,berrartu
berrartu,berrartua
zerra,cerrá
zerra,cerrac
talde,taldea
gitxitu,guichitu
txit,chit
errebota,errebota
errebote,errebotea
errezelo,erreceloa
errezeta,erreceta
etartu,etartu
barruti,barrutia
hitzaldiatu,hitzaldiatua
beregandu,beregandu
batzaile,batzallea
ordaindu,ordaindu
ordaindu,ordaindua
berjosi,berjoſi
berjosi,berjoſia
pozaldi,pozaldia
poztu,poztu
oroipen,oroipena
sarealdi,ſarealdia
baresare,bareſarea
saretxo,ſarechoa
saregile,ſareguillea
kuturtu,cuturtua
kuturtu,cuturtua
ordaindu,ordaindu
jataldi,jataldia
jataldi,jataldia
urtzaile,urtzallea
indartu,indartu
kemendu,quemendu
indartu,indartua
alaitu,alaitu
igortzi,igortzi
igortzi,igortzia
alaitu,alaitu
marmariza,marmarizá
erregalotxo,erregalochoa
erregatu,erregatua
eronde,erondea
ikustoki,icuſtoquia
ikustoki,icuſtoquia
arautu,arautu
erreinutar,erreñutarra
pozik,pocic
pozkiro,pozquiro
bekalde,becaldea
bekaldetu,becaldetua
leize,leicea
erreinaldi,erreinaldia
berriztu,berriztu
gaztetu,gaztetu
kondaira,condairá
kondairagile,condairaguillea
miliskatu,milliſcatua
tximista,chimiſta
tximista,chimiſta
elkarkide,elcarquidea
kontatzaile,contatzallea
lasaitu,laſaitu
kutun,cutuná
irrintzi,irrincia
zelaitu,celaitu
tximista,chimiſta
bukatu,bucatua
erremate,errematea
ihakin,ihaquin
ihakin,ihaquina
barrendu,barrendu
barrutu,barrutu
barnatu,barnatu
miliskatu,milliſcatu
barkagarri,barcagarria
egorle,egorlea
uxaldu,uſyaldu
muztiatu,muztiatu
muztiatu,muztiatua
alderagin,alderaguin
gaztetu,gaztetua
birjaio,birjayoa
ernegatu,ernegatu
erregatu,erregatua
errentari,errentaria
muskil,muſquilla
zuzentzaile,zucentzallea
larreratu,larreratu
sosteko,ſoſtecoa
berriztu,berriztu
berriztu,berriztua
erausle,erauslea
lauspeatu,lauſpeatu
ordaingarri,ordaingarria
aurkeztatu,aurqueztatu
errepublika,errepublica
nakaiztu,nacaiztu
nakaiztu,nacaiztua
azpildu,azpildu
azpildu,azpildua
kiskaldu,quiſcaldu
kiskaldu,quiſcaldua
dendatu,dendatu
dendatu,dendatua
gaztanbera,gaztambera
lerratoki,lerratoquia
limurikor,limuricorra
labainkor,labaincorra
limuri,limuria
labain,labaña
labana,labana
limuritu,limuritu
limurtu,limurtu
labainketa,labainqueta
arrakada,arracada
zirritu,cirritua
kondar,condarra
erresa,erreſa
erresistitu,erreſiſtitu
betuste,betuſtea
erabaki,erabaqui
erabaki,erabaquia
deslotu,deslotu
aldazpi,aldazpia
beakurtu,beacurtu
beakurtu,beacurtua
begirune,beguirunea
errespetotsu,erreſpetotſua
distiatzaile,diſtiatzallea
erantzuera,eranzuera
zirritu,cirritua
zirritu,cirritua
bertezarri,bertezarri
bertezarri,bertezarria
errestatu,erreſtatua
errestatu,erreſtatua
erretablo,erretabloa
muskil,muſquilla
isats,iſatſa
belutu,belutu
belutu,belutua
maneatu,maneatu
ganbusi,gambuſia
durundi,durundia
dunduriatu,dunduriatu
alderagin,alderaguin
erausi,erauſiac
ordaindu,ordaindu
ordaindu,ordaindua
jiraka,giraca
jostaketa,joſtaqueta
jostailu,joſtallua
alderagin,alderaguin
alderagin,alderaguiña
erretrato,erretratoa
ekantza,ecanza
bakartegi,bacarteguia
balioztatu,balioztatu
salatzaile,ſalatzallea
agerle,aguerlea
agerketa,aguerqueta
eztanda egin,eztanda eguin
bertikusi,berticuſia
berdetu,verdetu
beakurtu,beacurtu
aldazpi,aldazpia
bertikusi,berticuſi
irabiatu,irabiatu
aztarriaka,aztarriaca
irabiatu,irabiatua
irabia,irabia
irabiatu,irabiatu
txepetx,chepecha
errezo,errezoa
jario,jario
ibaitxo,ibaichoa
muno,munoa
oparo,oparó
txoko,chocoa
txoko,chocoa
baztertxo,bazterchoa
farragarri,farragarria
lotots,lototſa
ezkurdui,ezcurduia
indartu,indartu
alaitu,alaitu
indartu,indartua
indarti,indartia
iboil,iboilla
amildu,amildua
ezkutarma,ezcutarma
iboil,iboilla
jira,gira
sorki,ſorquia
belaunkada,belauncada
txirrita,chirrita
kostoma,coſtoma
mafrundi,mafrundia
urratu,urratua
balakari,balacaria
txikitu,chiquitu
zikoizkeria,cicoizqueria
ugertu,uguertu
linai,liñaya
kurpil,curpilla
gurpil,gurpilla
kizkur,quizcurra
orrolari,orrolaria
txatar,chatarra
txarkeria,charqueria
ausmartu,auſmartu
ausmartu,auſmartua
moltso,molſoa
oiandar,oyandarra
baserritar,baſerritarra
maindire,maindirea
izaratxo,izarachoa
askordin,aſcordina
gizatxar,guizacharra
morroi,morroya
sakatu,ſacatua
ezkutape,ezcutapea
elizai,elizaya
sankristia,ſancriſtia
astintzaile,aſtintzallea
saietera,ſayetera
saieta,ſayeta
doneti,donetia
erresomindu,erreſomindu
sargoritu,ſargoritu
sargori,ſargoria
lurrin,lurrina
saiatu,ſayatu
epaitu,epaitu
saiatu,ſayatua
epaitu,epaitua
irteera,irteera
gatzaga,gatzaga
izoki,izoquia
gaztun,gaztuna
matxitxalto,machichaltoa
diosal,dioſalac
agurtzaile,agurtzallea
agurtu,agurtu
agurtu,agurtua
diosal,dioſala
zai,zaya
zai,zayac
salatzaile,ſalatzallea
basati,baſatia
oiandar,oyandarra
basakeria,baſaqueria
sandalia,ſandalia
sandalo,ſandaloa
txorakeria,choraqueria
angurri,angurria
txoro,choroa
izain,izaina
odolti,odoltia
santidade,ſantidadea
donestu,doneſtu
donestatu,doneſtatu
donestu,doneſtua
donestatu,doneſtatua
doneti,donetia
sumindura,ſumindura
zakuto,zacutoa
gorni,gornia
gorrina,gorrina
arakarri,aracarria
zaragardun,zaragarduna
askidatu,aſquidatu
asealdi,aſealdia
sikatu,ſicatua
goarpe,goarpea
isilmandatu,iſilmandatuac
isilmandatu,iſilmandatu
ziriku,ciricua
igitai,iguitaya
igitari,iguitaria
segari,ſegaria
jarraitzaile,jarraitzallea
autsarri,autſarria
ardore,ardorea
larrantz,larrantza
antzeko,antzecoa
toleskabe,toleſcabea
sentigarri,ſentigarria
zentzundun,centzunduna
erabaki,erabaquia
erabaki,erabaqui
erabaki,erabaquia
sentiera,ſentiera
sentiera,ſentiera
jauntxo,jaunchoa
bereiztu,bereiztu
maltsotu,malſotu
beregandu,beregandua
benaz,benaz
benetan,benetan
orbel,orbela
morrontza,morrontza
bilaldi,billaldia
zazpireun,zazpireun
sagardotegi,ſagardoteguia
betibizi,betibicia
mendeko,mendecoa
goarpe,goarpea
goarpe,goarpea
txirola,chirola
isilkor,iſilcorra
isilkor,iſilcorra
isiltasun,iſiltaſuna
basoti,baſotia
oiandar,oyandarra
ekantza,ecantzá
elkargo,elcargoa
bilguma,bilguma
toleskabe,toleſcabe
benaz,benaz
toleskabe,toleſcabea
salatzaile,ſalatzallea
salaketa,ſalaqueta
bakardade,bacardadea
bakandu,bacandu
edolarik,edolaric
morroi,morroya
mastrikatu,maſtricatua
erresa,erreſac
bezinta,becinta
betondo,betondoa
bekosko,becoſcoa
txit,chit
izengain,icengaña
sokorru,ſocorrua
labainketa,labainqueta
labain,labaiña
arintxo,arincho
sokagile,ſocaguillea
sokatxo,ſocachoa
menperatu,memperatu
zolatu,zolatua
jolastu,jolaſtu
jolastu,jolaſtua
gudari,gudaria
galdatu,galdatu
mortuar,mortuarra
eremuar,eremuarra
bakartar,bacartarra
solomo,ſolomoa
askatzaile,aſcatzallea
kereizpe,quereizpea
txaola,chaola
zintzatu,cintzatu
soinutxo,ſoñuchoa
amesgile,amesguillea
loguratu,loguratua
logura,logura
masaileko,maſallecoa
zipotz,cipotza
zopatxo,zopachoa
aizeman,aiceman
aizegin,aiceguin
muskildu,muſquildu
anddere,anyerea
salaketa,ſalaqueta
zurrupatu,zurrupatu
zurrupatu,zurrupatua
zurrut,zurrutá
zurrut,zurruta
zurrupa,zurrupa
masaileko,maſallecoa
aierukor,ayerucorra
irozo,irozó
irozo,irozoa
uztai,uztaya
sotana,ſotana
aizape,aizapea
etxape,echapea
lurpetu,lurpetu
lurpetu,lurpetua
eztitu,eztitu
mendeko,mendecoa
igoera,igoera
ordeztatu,ordeztatu
ordeztatu,ordeztatu
oinorde,oñordea
jazo,jazo
gertaera,guertaera
ondorengo,ondorengoa
urdakeria,urdaqueria
zikinkeria,ciquinqueria
izerkari,icercaria
orue,oruea
askaera,aſcaera
gazur,gazurá
aski,aſqui
itogarri,itogarria
menpetu,mempetu
menpetu,mempetua
sufredun,ſufreduna
sufretsu,ſufretſua
murgildu,murguildu
zai,zaya
nagusialdi,naguſialdia
usbetatu,usbetatu
eseki,eſequi
eseki,eſequia
geldiera,gueldiera
zalantza,zalantzá
asberatu,asberatu
asbera,asbera
irozgarri,irozgarria
irozo,irozo
susto,ſuſtoa
surmur,ſurmurra
susto,ſuſtoa
surmur,ſurmurra
beltzuntza,belzuntza
arnotegi,arnoteguia
oltxo,olchoa
oltxo,olchoa
oltzar,oltzarra
txaola,chaola
isiltasun,iſiltaſuna
isilkor,iſilcorra
alatzar,alatzarra
zardai,zardaya
zerra,cerra
ardore,ardorea
soildu,ſoildua
otailari,otallaria
zorten,zortena
txorten,chortena
arbel,arbelá
txikitxo,chiquichoa
tamaina,tamaña
arbazta,arbazta
tamarindo,tamarindoa
danbolindari,dambolindaria
estalpe,eſtalpea
tarantula,tarantula
belukor,belucorra
belutu,belutu
belukor,belucorra
dardaratu,dardaratu
erbatz,erbatza
azkonar,azconarra
edontzi,edoncia
eutegi,euteguia
aduana,aduana
burkoi,burcoya
ikarati,icaratia
ikarati,icaratia
bildurgarri,bildurgarria
giro,guiroa
adina,adina
giro,guiroá
adina,adiná
eraldi,eraldia
zikoizkeria,cicoizqueria
kurrika,currica
zabaltzaile,zabaltzallea
eusle,euslea
eusle,euslea
zai,zaya
oinorde,oñordea
gitxitxo,guichicho
ganbusi,gambuſi
ganbusi,gambuſia
akabaila,acaballa
bukaera,bucaera
bukatu,bucatu
txal,chala
zekor,cecorra
txekor,checorra
zekorki,cecorquia
sabai,ſabaya
lurrikara,lurricara
lurtar,lurtarra
ikaragarriro,icaragarriro
barruti,barrutia
zokor,zocorra
izu,izua
burkoi,burcoya
larrantz,larranza
era,era
arreta,arreta
sendoro,ſendoro
guraize,guraiceac
lemari,lemaria
lemazain,lemazaina
tintontzi,tintoncia
tirakai,tiracaya
lasaitu,laſaitu
tirakai,tiracayac
erakai,eracaya
orgatila,orgatilla
ukiera,uquiera
txingar,chingarra
oraindio,oraindio
tolet,toletac
euskarri,euſcarria
ezkai,ezcaya
uztai,uztaya
talkari,talcaria
topatu,topatu
lepitxuli,lepichulia
okertu,oquertua
makurrera,macurrera
zezendari,cecendaria
toreatzaile,toreatzallea
toreatu,toreatu
matxitxukalde,machichucalde
usatortola,uſatortola
txaberama,chaberamá
makurrera,macurrera
txigortu,chigortu
erratz,erratza
katranbila,catrambilla
auzalan,auzalana
zilibokari,cilibocaria
tragotxo,tragochoa
salkindari,ſalquindaria
etoi,etoya
trantze,trancea
bestiruditu,beſtiruditu
erkitu,erquitua
erraldatu,erraldatu
eraldatu,eraldatu
eraldatu,eraldatua
danba,damba
danbadako,dambadacoa
iragazi,iragaci
iragazi,iragacia
matxitxukalde,machichucalde
aldaira,aldaira
erkitu,erquitua
eraldatu,eraldatu
motxaile,mochallea
kaskamotz,caſcamotza
motxaldi,mochaldia
txarkeria,charqueria
dendoste,dendoſtea
irabiatu,irabiatu
irabia,irabia
bultzatu,bultzatu
trataera,trataera
tratulari,tratularia
trabes,trabeſa
jostailu,joſtallua
geraldi,gueraldia
zingira,cinguira
lokatza,locatza
arazo,arazoa
sareztatu,ſareztatua
txirikorda,chiricorda
txirikordatu,chiricordatu
adastu,adaſtu
txirikordatu,chiricordatua
trailatu,traillatu
txoriburu,choriburu
puskatu,puſcatu
trinkete,trinquetea
trinkete,trinquetea
estaki,eſtaquiac
sabelandi,ſabelandia
tripandi,tripandia
trinkete,trinquete
oinkatu,oincatua
trukatzaile,trucatzallea
troglodita,troglodita
zorten,zortena
zurtoin,zurtoina
aldor,aldorra
txoro,choroa
puskatu,puſcatu
puskatu,puſcatua
ostots,oſtotſa
tulipai,tulipaya
elbarri,elbarria
elbarritu,elbarritu
tapitu,tapitu
trinkatu,trincatu
tapitu,tapitua
arre,arrea
txanda,chanda
turroi,turroya
zaitari,zaitaria
zaitari,zaitaria
zaitari,zaitaria
atzen,atzena
aputio,aputioa
adarbakotx,adarbacocha
erakide,eraquidea
erakida,eraquida
ikasola,icaſola
begirune,beguirunea
irazkai,irazcaya
estutu,eſtutu
sabelkide,ſabelquideac
geraldi,gueraldia
geraldi,gueraldia
geraldi,gueraldia
urdakeria,urdaqueria
zalantza,zalantza
balioztatu,balioztatu
banguardia,vanguardia
zardai,zardaya
zigorkada,cigorcada
mendeko,mendecoa
muskil,muſquilla
bezino,vecinoa
naspiltsu,naſpilſua
beilari,beillaria
kandelagile,candelaguillea
bilorri,bilorria
orein,oreña
garaipen,garaipena
pozoi,pozoya
beneno,venenoa
arraia,arraya
ondorengo,ondorengoac
zaintsu,zaintſua
puztu,puztu
egurastu,eguraſtu
sabeltxo,ſabelchoa
sabelandi,ſabelandia
udaldi,udaldia
ben,bená
berdetu,verdetu
barazki,barazquia
lotsati,lotſatia
lotsagarriro,lotſagarriro
egiaztatu,eguiaztatu
apote,apotea
aldakor,aldacorra
libruzai,libruzaya
lotots,lototſac
maskuri,maſcuria
bidajari,bidajaria
dardara,dardará
alderantziz,alderanciz
beirategi,beirateguia
beiragile,beiraguillea
aguretxo,agurechoa
atsokeria,atſoqueria
arreta,arreta
beilari,beillaria
bilaukeria,billauqueria
ardozale,ardozalea
biola,biola
biola,biola
txarrabeta,charrabeta
biolin,biolina
biolinista,bioliniſta
baztanga,baztanga
zorna,zorna
zornatu,zornatua
istinga,iſtingá
biskatsu,biſcatſua
likatsu,licatſua
ikuskera,icuſquera
ikusketa,icuſqueta
irudikor,irudicorra
ikustamen,icuſtamena
ikustamen,icuſtamena
ikustaldi,icuſtaldia
bisitazale,viſitazalea
ikustatu,icuſtatu
ikustatu,icuſtatua
elkargo,elcargoac
garaipen,garaipena
garaile,garailea
bizitasun,bicitaſuna
bizikor,bicicorra
bizitegi,biciteguia
bizkondesa,vizcondeſa
burubide,burubidea
ojulari,ojularia
deadarkari,deadarcaria
ojulari,ojularia
egaari,egaaria
egaari,egaaria
egaari,egaaria
sutokari,ſutocaria
irabiatu,irabiatu
birakor,biracorra
tomo,tomoa
gurata,gurata
nazkatu,nazcatu
osin,oſiná
iraulketa,iraulqueta
irabia,irabia
birunka,birunca
iraulketa,iraulqueta
makurrera,macurrera
aldaira,aldaira
zingira,cinguira
txara,chara
beresi,bereſia
txaradi,charadia
murgildu,murguildu
murgildu,murguildu
murgildu,murguildu
murgildu,murguildu
murgildu,murguildua
gonazpiko,gonazpicoa
atzen,atzena
arazo,arazoa
losentxa,loſencha
zankarte,zancartea
lubaki,lubaquia
zaparrada,zaparrada
zapatagile,zapataguillea
artze,artzeá
artzatu,artzatu
artzatu,artzatua
zirtzilu,circillua
masusta,maſuſta
sasitsu,ſaſitſua
puztu,puztua
gelbera,guelberá
zuntoi,zuntoya
zuntoi,zuntoya
azerikeria,azeriqueria
ezade,ezadea
zorrotxo,zorrochoa
