abadetarra,abadetar
abaraska,abaraska
aberekeria,aberekeria
adarkada,adarkada
adarkatu,adarkatu
adia,adia
adiak,adia
adiakatu,adiakatu
adiera,adiera
adina,adin
adinkidea,adinkide
administratzailea,administratzaile
aduana,aduana
agata,agata
agerkaia,agerkai
agintaldia,agintaldi
aguretu,aguretu
aguretua,aguretu
agurtu,agurtu
agurtua,agurtu
ahaika,ahaika
ahaikaria,ahaikari
aierukorra,aierukor
ailegatu,ailegatu
aingerutarra,aingerutar
ainguratu,ainguratu
ainguratua,ainguratu
aisatu,aisatu
aitabisaba,aitabisaba
aitakidea,aitakide
aitona,aitona
aitortegia,aitortegi
aitzurkada,aitzurkada
akara,akara
akastu,akastu
akastua,akastu
akats,akats
akatsa,akats
akusazioa,akusazio
akzidente,akzidente
akzidentea,akzidente
alabastro,alabastro
alabastroa,alabastro
alai,alai
alaia,alai
alaitasuna,alaitasun
alaitu,alaitu
alaitua,alaitu
alanbre,alanbre
alanbrea,alanbre
alberdania,alberdania
albistea,albiste
alborada,alborada
aldaira,aldaira
aldakorra,aldakor
aldaroa,aldaro
alderantzia,alderantzi
alderria,alderri
alditsua,alditsu
ale,ale
alea,ale
aleak,ale
aletu,aletu
aletua,aletu
algara,algara
almena,almena
almenak,almena
alportxa,alportxa
alportxak,alportxa
altistea,altiste
amabisaba,amabisaba
amesgilea,amesgile
ametza,ametz
amildu,amildu
amildua,amildu
amona,amona
amorratu,amorratu
amorratua,amorratu
amorreria,amorreri
anaikidea,anaikide
anaitarra,anaitar
andderea,anddere
andeza,andeza
angurria,angurri
anpulua,anpulu
antolamendua,antolamendu
antxume,antxume
antxumea,antxume
antzekoa,antzeko
antzinatea,antzinate
apainketa,apainketa
apaintzailea,apaintzaile
apaiztu,apaiztu
aparra,apar
apartsua,apartsu
apotea,apote
arautegia,arautegi
arautu,arautu
arautua,arautu
arazo,arazo
arazoa,arazo
arbazta,arbazta
arbaztak,arbazta
arbela,arbel
ardazlea,ardazle
ardozalea,ardozale
arduratia,ardurati
areriotasuna,areriotasun
areriotu,areriotu
argiagotua,argiagotu
argiduna,argidun
argiontzia,argiontzi
argitsua,argitsu
arkakusoa,arkakuso
arlekin,arlekin
arlekina,arlekin
armiarma,armiarma
arrabioa,arrabio
arragoa,arragoa
arraia,arraia
arraiak,arraia
arrakada,arrakada
arrakadak,arrakada
arrandegia,arrandegi
arranpa,arranpa
arrantzatu,arrantzatu
arrantzatua,arrantzatu
arratoia,arratoi
arratza,arratz
arraun,arraun
arrauna,arraun
arrazoia,arrazoi
arrendu,arrendu
arrendua,arrendu
arreta,arreta
arretasuna,arretasun
arretu,arretu
arretua,arretu
arroztegia,arroztegi
artaburua,artaburu
artalea,artale
artelatza,artelatz
artelazkia,artelazki
asealdia,asealdi
askaera,askaera
askatzailea,askatzaile
askojakina,askojakin
asmoa,asmo
astakeria,astakeria
astalkaia,astalkai
astigarra,astigar
astintzailea,astintzaile
astitsua,astitsu
astundu,astundu
astundua,astundu
astungarri,astungarri
astungarria,astungarri
atala,atal
ataurrea,ataurre
aterraldia,aterraldi
aterrunea,aterrune
atrebentzia,atrebentzia
atsotu,atsotu
atsotua,atsotu
atuntxikia,atuntxiki
atzaparkada,atzaparkada
atzapartu,atzapartu
atzapartua,atzapartu
atzena,atzen
atzesku,atzesku
atzetu,atzetu
atzetua,atzetu
atzipea,atzipe
atzipetu,atzipetu
aurkeztu,aurkeztu
aurkeztua,aurkeztu
aurpegieraa,aurpegiera
aurrerapena,aurrerapen
azaldu,azaldu
azaldua,azaldu
azaoa,azao
azerikeria,azerikeria
azkonarra,azkonar
azolio,azolio
azolioak,azolio
azpildu,azpildu
azpildua,azpildu
aztarna,aztarna
aztiatu,aztiatu
baiezkoa,baiezko
baieztatu,baieztatu
baieztatua,baieztatu
baieztu,baieztu
baieztua,baieztu
baimendua,baimendu
bainua,bainu
bakandu,bakandu
bakantasuna,bakantasun
bakardadea,bakardade
bakartegia,bakartegi
bakoiti,bakoiti
bakoitia,bakoiti
balakaria,balakari
balazoa,balazo
baldan,baldan
baldana,baldan
baldankeria,baldankeria
balekumea,balekume
baliotsua,baliotsu
balioztatu,balioztatu
balkoia,balkoi
banderatxoa,banderatxo
bandoa,bando
baranda,baranda
barazkia,barazki
barkagarria,barkagarri
barkamena,barkamen
barnatu,barnatu
barnatua,barnatu
barregarria,barregarri
barrendu,barrendu
barrendua,barrendu
barrunbea,barrunbe
barruti,barruti
barrutia,barruti
basakatua,basakatu
basakeria,basakeria
basartoa,basarto
basatia,basati
baserritarra,baserritar
bastatua,bastatu
batzarkidea,batzarkide
baztanga,baztanga
baztertu,baztertu
bedela,bedel
begirada,begirada
begiratzailea,begiratzaile
begirunea,begirune
begitandu,begitandu
begitandua,begitandu
begitazioa,begitazio
begizkoa,begizko
beilaria,beilari
beiragilea,beiragile
beirategia,beirategi
belardia,belardi
belarrondokoa,belarrondoko
belartza,belartza
belaunezurra,belaunezur
beldarra,beldar
beltxarga,beltxarga
belutu,belutu
belutua,belutu
bena,ben
benak,ben
berdela,berdel
berdetu,berdetu
berdetua,berdetu
bereiztu,bereiztu
berezitu,berezitu
berezitua,berezitu
beroaldia,beroaldi
berrartu,berrartu
berrartua,berrartu
berriketa,berriketa
berritsukeria,berritsukeria
berritzailea,berritzaile
berriztu,berriztu
berriztua,berriztu
besaburua,besaburu
besakada,besakada
besaldia,besaldi
bestengusua,bestengusu
besterendu,besterendu
besterendua,besterendu
beta,beta
betetzailea,betetzaile
betibizia,betibizi
betondoa,betondo
betun,betun
betuna,betun
bezatu,bezatu
bezero,bezero
bezeroa,bezero
bidaldia,bidaldi
bideratu,bideratu
bideratua,bideratu
bikia,biki
bilaukeria,bilaukeria
bilotsua,bilotsu
biltokia,biltoki
biltzarkidea,biltzarkide
biola,biola
biolina,biolin
biolinista,biolinista
birakorra,birakor
birikeria,birikeri
birjaio,birjaio
birjaioa,birjaio
birla,birla
biskatsua,biskatsu
bisutsa,bisuts
bizargilea,bizargile
bizibidea,bizibide
biziera,biziera
bizikorra,bizikor
bizimodua,bizimodu
bizitasuna,bizitasun
bizitegia,bizitegi
bizitu,bizitu
bizkarrezurra,bizkarrezur
bizkondesa,bizkondesa
bizkotxo,bizkotxo
bizkotxoa,bizkotxo
biztanlea,biztanle
boga,boga
bogatu,bogatu
borla,borla
botea,bote
brindisa,brindis
brinkoa,brinko
bufoia,bufoi
bufoikeria,bufoikeria
buiatu,buiatu
buiatua,buiatu
bukaera,bukaera
bukatu,bukatu
bukatua,bukatu
bularrezurra,bularrezur
bultzada,bultzada
bultzatu,bultzatu
bultzatua,bultzatu
burdinola,burdinola
burezurra,burezur
burlatia,burlati
burmuina,burmuin
burruntzalia,burruntzali
burubidea,burubide
burugabea,burugabe
burusia,burusi
burutaldia,burutaldi
bustialdia,bustialdi
buzkantza,buzkantz
buztanikara,buztanikara
buztinkia,buztinki
buztinola,buztinola
buztintsua,buztintsu
damaskoa,damasko
danbolina,danbolin
dardara,dardara
dardaratu,dardaratu
deabruduna,deabrudun
deigarria,deigarri
dendatu,dendatu
dendatua,dendatu
desagertu,desagertu
desberdindu,desberdindu
desegokia,desegoki
desengainatu,desengainatu
desengainua,desengainu
deserria,deserri
deserritu,deserritu
deserritua,deserritu
deserrotu,deserrotu
desestali,desestali
desestalia,desestali
desitsatsi,desitsatsi
deslaia,deslai
deslaitu,deslaitu
deslaitua,deslaitu
desleialtasuna,desleialtasun
desloratu,desloratu
deslotu,deslotu
desobeditu,desobeditu
desordua,desordu
dialektika,dialektika
dindirria,dindirri
diosala,diosal
diosalak,diosal
dirualdia,dirualdi
dunbotsa,dunbots
durundia,durundi
ebasketa,ebasketa
edarra,edarra
edontzia,edontzi
egiaztatu,egiaztatu
egikaritu,egikaritu
egikaritua,egikaritu
egitura,egitura
egoera,egoera
egurastu,egurastu
egurastua,egurastu
egurgilea,egurgile
eguzkitu,eguzkitu
eguzkitua,eguzkitu
elbarri,elbarri
elbarria,elbarri
elbarritasuna,elbarritasun
elbarritu,elbarritu
elbarritua,elbarritu
elkargoa,elkargo
elkargoak,elkargo
elkartea,elkarte
eltxoa,eltxo
eltzegilea,eltzegile
emakumetu,emakumetu
emakumetua,emakumetu
entregatu,entregatu
epaiketa,epaiketa
epaitu,epaitu
epaitua,epaitu
era,era
eraa,era
erabaki,erabaki
erabakia,erabaki
erabidea,erabide
eradoski,eradoski
eradoskia,eradoski
eraldatu,eraldatu
eraldatua,eraldatu
erantsi,erantsi
erantsia,erantsi
erasan,erasan
erasotzailea,erasotzaile
erausi,erausi
erausia,erausi
erausiak,erausi
erauslea,erausle
erbatza,erbatz
erbeste,erbeste
erbestea,erbeste
erbikumea,erbikume
erbinude,erbinude
erbinudea,erbinude
erikorra,erikor
eritegia,eritegi
erizaina,erizain
erlezaina,erlezain
erlikia,erlikia
ernegatu,ernegatu
erorketa,erorketa
erosketa,erosketa
erosta,erosta
erpurua,erpuru
errakia,erraki
erratza,erratz
erratzak,erratz
erraustegia,erraustegi
errebelatu,errebelatu
errebelatua,errebelatu
errebotea,errebote
errematea,erremate
errementaria,errementari
errentaria,errentari
errepublika,errepublika
erresa,erres
erresak,erres
errespetagarria,errespetagarri
errestatu,errestatu
errestatua,errestatu
errestoa,erresto
errezela,errezel
errezeloa,errezelo
errezeta,errezeta
errezoa,errezo
erroitza,erroitz
erroiztu,erroiztu
erroiztua,erroiztu
errua,erru
errudun,errudun
erruduna,errudun
errukitsua,errukitsu
errukitu,errukitu
errukitua,errukitu
esegi,esegi
eseki,eseki
esekia,eseki
eserlekua,eserleku
eskala,eskala
eskapularioa,eskapulario
eskarola,eskarola
eskopeta,eskopeta
eskuadra,eskuadra
eskuadroia,eskuadroi
eskukatu,eskukatu
eskumuinak,eskumuin
eskuzapia,eskuzapi
eskuzorroa,eskuzorro
espa,espa
espartzua,espartzu
estalgilea,estalgile
estalpea,estalpe
estandarte,estandarte
estandartea,estandarte
estepa,estepa
estimagarria,estimagarri
estrata,estrata
estugarriak,estugarri
estutasuna,estutasun
estutu,estutu
estutua,estutu
etoia,etoi
etxabea,etxabe
etxadia,etxadi
etxaldea,etxalde
euritsua,euritsu
euskarria,euskarri
euslea,eusle
ezagutezina,ezagutezin
ezerezkeria,ezerezkeria
ezereztu,ezereztu
ezereztua,ezereztu
ezizena,ezizen
ezkaia,ezkai
ezkertia,ezkerti
ezkia,ezki
ezpela,ezpel
ezproia,ezproi
eztanda egin,eztanda egin
eztitu,eztitu
eztitua,eztitu
felpa,felpa
forrua,forru
gabarra,gabarra
gaitzesgarria,gaitzesgarri
gaizkiagotu,gaizkiagotu
gaiztotasuna,gaiztotasun
galai,galai
galaia,galai
galdatu,galdatu
galdatua,galdatu
galeoia,galeoi
galeperra,galeper
galera,galera
galtzak,galtza
gamelua,gamelu
ganadua,ganadu
ganbela,ganbela
gandorra,gandor
gantxigorra,gantxigor
gantzatsua,gantzatsu
garailea,garaile
garaipena,garaipen
garau,garau
garaua,garau
garauak,garau
garautegia,garautegi
garbantzua,garbantzu
garbiketa,garbiketa
garbitokia,garbitoki
garestia,garesti
garestitu,garestitu
garestitua,garestitu
gargara,gargara
garoa,garo
garraztu,garraztu
garraztua,garraztu
gatzaga,gatzaga
gautarra,gautar
gautxoria,gautxori
gaztanbera,gaztanbera
gaztetu,gaztetu
gaztetua,gaztetu
gazura,gazur
gelbera,gelbera
geldiera,geldiera
geldoa,geldo
geraldia,geraldi
geraldiak,geraldi
gerrazalea,gerrazale
gertaera,gertaera
gertuera,gertuera
girlanda,girlanda
giroa,giro
gisatu,gisatu
gisatua,gisatu
gizadia,gizadi
gizatxarra,gizatxar
gobada,gobada
gogaikarria,gogaikarri
gogoangarria,gogoangarri
gogoan jo,gogoan jo
gogoan joa,gogoan jo
goldatu,goldatu
gonazpikoa,gonazpiko
goroztegia,goroztegi
gorpuzduna,gorpuzdun
gorrina,gorrina
gorro,gorro
gorroa,gorro
gubia,gubia
gudaria,gudari
gudatu,gudatu
gudatua,gudatu
guraizeak,guraize
guraritu,guraritu
gurdibidea,gurdibide
gurpila,gurpil
harmonia,harmonia
hilduratu,hilduratu
hireganatu,hireganatu
hirukia,hiruki
hitzaldia,hitzaldi
hitzaurrea,hitzaurre
hitzontzi,hitzontzi
hitzontzia,hitzontzi
hitzontzikeria,hitzontzikeria
ibilaldia,ibilaldi
ibilera,ibilera
ibiltaria,ibiltari
idiskoa,idisko
igaraba,igaraba
igitaia,igitai
igoera,igoera
ihakin,ihakin
ihakina,ihakin
ikaratia,ikarati
ikazkina,ikazkin
ikaztu,ikaztu
ikusezina,ikusezin
ikuskera,ikuskera
ikustaldia,ikustaldi
ikustatu,ikustatu
ikustatua,ikustatu
ilberria,ilberri
ilbetea,ilbete
ildaskatu,ildaskatu
ilgora,ilgora
iltzatu,iltzatu
iltzatua,iltzatu
imana,iman
imina,imina
inaurkina,inaurkin
indargetu,indargetu
indartu,indartu
indartua,indartu
intentzioa,intentzio
intxaurra,intxaur
ipuina,ipuin
irabazlea,irabazle
irabiatu,irabiatu
irabiatua,irabiatu
iragazi,iragazi
iragazia,iragazi
iraina,irain
iraindu,iraindu
iraindua,iraindu
iraingarria,iraingarri
irakurgarria,irakurgarri
iraulketa,iraulketa
irizpena,irizpen
irozgarria,irozgarri
irozgarriak,irozgarri
irrintzia,irrintzi
irrista,irrista
irristada,irristada
irristatu,irristatu
irteera,irteera
irudikorra,irudikor
irudipena,irudipen
irulea,irule
isats,isats
isatsa,isats
isatsak,isats
iseka,iseka
isekaria,isekari
isekatu,isekatu
isekatua,isekatu
isildu,isildu
isildua,isildu
isilkorra,isilkor
isilpekoa,isilpeko
isiltasuna,isiltasun
iskanbila,iskanbila
istinga,istinga
itogarria,itogarri
itsasartea,itsasarte
itsaskorra,itsaskor
itsaslapurra,itsaslapur
itsastarra,itsastar
itsatsi,itsatsi
itsatsia,itsatsi
itsumutila,itsumutil
itxiera,itxiera
izaina,izain
izartxoa,izartxo
izeki,izeki
izekia,izeki
izerkaria,izerkari
izkina,izkina
izua,izu
izuak,izu
izukorra,izukor
izurritu,izurritu
izurritua,izurritu
izutia,izuti
izutu,izutu
izutua,izutu
jaiera,jaiera
jakinbidea,jakinbide
jakintza,jakintza
jalki,jalki
janaritu,janaritu
janaritua,janaritu
janiza,janiza
jargoia,jargoi
jario,jario
jarioa,jario
jarraitzailea,jarraitzaile
jasa,jasa
jatorri,jatorri
jatorria,jatorri
jauntxoa,jauntxo
jazo,jazo
jazoera,jazoera
jela,jela
jira,jira
jolastu,jolastu
jolastua,jolastu
jomuga,jomuga
jorra,jorra
jorratu,jorratu
jorratua,jorratu
jorratzailea,jorratzaile
josketa,josketa
jostailua,jostailu
jostuna,jostun
kabila,kabila
kafea,kafe
kafeontzia,kafeontzi
kaio,kaio
kaioa,kaio
kaiola,kaiola
kakajario,kakajario
kakalardoa,kakalardo
kakeria,kakeri
kakoa,kako
kakoak,kako
kalteduna,kaltedun
kanoa,kanoa
kanoia,kanoi
kanoiak,kanoi
kanpotarra,kanpotar
karda,karda
kardatu,kardatu
kardatua,kardatu
kareztatu,kareztatu
kareztatua,kareztatu
karkaba,karkaba
karnaba,karnaba
karobia,karobi
karpa,karpa
kartoia,kartoi
kaskamotza,kaskamotz
katamotza,katamotz
kateatu,kateatu
kateatua,kateatu
katilua,katilu
kealdia,kealdi
keinada,keinada
kemendu,kemendu
kemendua,kemendu
kilia,kili
kimatu,kimatu
kina,kina
kintala,kintal
kirtena,kirten
kirtenak,kirten
kiskaldu,kiskaldu
kiskaldua,kiskaldu
kisketa,kisketa
kizkurra,kizkur
kizkurtu,kizkurtu
kizkurtua,kizkurtu
klaustroa,klaustro
koartza,koartza
koinata,koinata
koipea,koipe
koipetsua,koipetsu
koipeztatu,koipeztatu
koitadua,koitadu
koko,koko
kokoa,koko
kondaira,kondaira
kondarra,kondar
konpontzailea,konpontzaile
kontatzailea,kontatzaile
kontrabandista,kontrabandista
kontrabando,kontrabando
kontrabandoa,kontrabando
kontradantza,kontradantza
kontraesan,kontraesan
kontraesana,kontraesan
kontramaisua,kontramaisu
kontrapozoia,kontrapozoi
kortxoa,kortxo
koskoa,kosko
krokodilo,krokodilo
krokodiloa,krokodilo
kuia,kuia
kulpaduna,kulpadun
kupitu,kupitu
kupitua,kupitu
kurrika,kurrika
kurrunka,kurrunka
kutuna,kutun
labaina,labain
labainketa,labainketa
labainkorra,labainkor
labana,labana
laburketa,laburketa
laiaria,laiari
laidotu,laidotu
laidotua,laidotu
lainotsua,lainotsu
lakaria,lakari
lamia,lamia
lanaldia,lanaldi
landertu,landertu
landertua,landertu
langa,langa
lanperna,lanperna
lantegia,lantegi
lantua,lantu
lapitza,lapitz
lapurreria,lapurreria
lapurreta,lapurreta
laratza,laratz
larreratu,larreratu
larritasuna,larritasun
lasai,lasai
lasaia,lasai
lasaigarri,lasaigarri
lasaitasuna,lasaitasun
lasaitu,lasaitu
lasaitua,lasaitu
lastaira,lastaira
lastategia,lastategi
lastertu,lastertu
lastertua,lastertu
lata,lata
latorria,latorri
latsa,lats
lauburu,lauburu
laurdendu,laurdendu
laurdendua,laurdendu
lausoa,lauso
lautu,lautu
lautua,lautu
legena,legen
legenarra,legenar
leiarra,leiar
leinargia,leinargi
leizea,leize
lemaria,lemari
lemazaina,lemazain
leuntasuna,leuntasun
liburutegia,liburutegi
likatsua,likatsu
likatu,likatu
likatua,likatu
lilipa,lilipa
limuria,limuri
limurtu,limurtu
linazia,linazi
liraintasuna,liraintasun
lista,lista
listaria,listari
litsa,lits
litsak,lits
loditasuna,loditasun
logura,logura
logurak,logura
lokabea,lokabe
lokatza,lokatza
lokaztu,lokaztu
lokaztua,lokaztu
loro,loro
loroa,loro
lotegia,lotegi
lotsagarri,lotsagarri
lotsagarria,lotsagarri
lotsatia,lotsati
lubakia,lubaki
lumadia,lumadi
lupetz,lupetz
lupetza,lupetza
lupua,lupu
lurperatu,lurperatu
lurrikara,lurrikara
lurrina,lurrin
lurtarra,lurtar
luzokerra,luzoker
madarikazioa,madarikazio
mafrundia,mafrundi
magia,magia
magurioa,magurio
maila,maila
mailatu,mailatu
mailatua,mailatu
mailukada,mailukada
mainatia,mainati
maindirea,maindire
maitatia,maitati
maizter,maizter
maizterra,maizter
makaldu,makaldu
makaldua,makaldu
makartsua,makartsu
makatza,makatz
makilada,makilada
makilatu,makilatu
makilatua,makilatu
makurrera,makurrera
maltzurra,maltzur
mama,mama
mamitsua,mamitsu
mandeulia,mandeuli
maneatu,maneatu
maneatua,maneatu
maneatzailea,maneatzaile
manta,manta
mantala,mantal
mantarra,mantar
marmar,marmar
marrega,marrega
masaila,masail
masaileko,masaileko
masailekoa,masaileko
maskala,maskal
maskelua,maskelu
maskuiloa,maskuilo
maskuria,maskuri
mastrikatu,mastrikatu
mastrikatua,mastrikatu
masusta,masusta
mataza,mataza
matazatua,matazatu
matrailezurra,matrailezur
matutia,matutia
mazpildu,mazpildu
meatzaria,meatzari
mena,men
mendekoa,mendeko
menditarra,menditar
menditsua,menditsu
menperatu,menperatu
menpetu,menpetu
menpetua,menpetu
mentua,mentu
meroa,mero
metatzailea,metatzaile
mezularia,mezulari
mirari,mirari
miraria,mirari
miraritsua,miraritsu
mireslea,miresle
mirotza,mirotz
misioa,misio
mistoa,misto
moda,moda
moduzkoa,moduzko
mokadu,mokadu
mokadua,mokadu
mokokada,mokokada
mokordoa,mokordo
moldaera,moldaera
moldakaitza,moldakaitz
moldiztegia,moldiztegi
mordoa,mordo
moretua,moretu
morroia,morroi
morrontza,morrontza
motrailua,motrailu
motxailea,motxaile
mozorroa,mozorro
mugakoa,mugako
mugapea,mugape
mugatu,mugatu
mugatua,mugatu
mundutarra,mundutar
murgildu,murgildu
murgildua,murgildu
murritu,murritu
murritua,murritu
murrutu,murrutu
murrutua,murrutu
mus,mus
musa,musa
musak,musa
muskila,muskil
muskildu,muskildu
muskildua,muskildu
musukatu,musukatu
muturrekoa,muturreko
muxika,muxika
muzina,muzin
muzindu,muzindu
muzindua,muzindu
muztioa,muztio
nabartua,nabartu
nagikeria,nagikeria
nagusitu,nagusitu
narotasuna,narotasun
narra,narra
nasai,nasai
natu,natu
natua,natu
nazka,nazka
nazkagarria,nazkagarri
nazkak,nazka
nazkatu,nazkatu
nazkatua,nazkatu
negargarria,negargarri
negartsua,negartsu
negartua,negartu
negutu,negutu
nekaldia,nekaldi
nekazaria,nekazari
nekosta,nekosta
ninia,nini
ninika,ninika
notarioa,notario
odoldu,odoldu
odolgiroa,odolgiro
odolkidea,odolkide
odoltia,odolti
odolustu,odolustu
oi,oi
oia,oi
oiak,oi
oilagorra,oilagor
oilategia,oilategi
oinazkarra,oinazkar
oinaztarria,oinaztarri
oinkada,oinkada
oinkatua,oinkatu
oinordea,oinorde
okatu,okatu
okertu,okertu
okertua,okertu
oles,oles
olibadia,olibadi
oliontzia,oliontzi
ondamua,ondamu
ondasunduna,ondasundun
ondoren,ondoren
ondorena,ondoren
ondorengoa,ondorengo
ondorengoak,ondorengo
ongarritu,ongarritu
ongilea,ongile
oniritzi,oniritzi
oniritzia,oniritzi
ontzailea,ontzaile
ontzidia,ontzidi
opa,opa
orbela,orbel
ordaindu,ordaindu
ordaindua,ordaindu
oreina,orein
orgabidea,orgabide
organista,organista
oroipena,oroipen
oroitza,oroitza
orritu,orritu
osagilea,osagile
osin,osin
osina,osin
ospila,ospil
ostalaria,ostalari
osterantzekoak,osterantzeko
ostikada,ostikada
ostotsa,ostots
ostra,ostra
otadia,otadi
otadiak,otadi
otamena,otamen
otarra,otar
otarraina,otarrain
otarregilea,otarregile
otzana,otzan
ozentasuna,ozentasun
ozpindu,ozpindu
ozpindua,ozpindu
paga,paga
pagausoa,pagauso
pala,pala
papiroa,papiro
pasaportea,pasaporte
pasartea,pasarte
pasmoa,pasmo
patsa,pats
pazia,pazia
perrexila,perrexil
pertsekuzioa,pertsekuzio
pertza,pertz
pikorta,pikorta
pilatu,pilatu
pilatua,pilatu
pilatzaile,pilatzaile
pilatzailea,pilatzaile
pipermina,pipermin
pisutu,pisutu
pisutua,pisutu
pitzatu,pitzatu
pitzatua,pitzatu
piztia,piztia
plantxa,plantxa
platanoa,platano
politasuna,politasun
pontea,ponte
portzelana,portzelana
pospolina,pospolin
postaria,postari
poto,poto
potoa,poto
pozkida,pozkida
pozoia,pozoi
pozoitu,pozoitu
pozoitua,pozoitu
poztu,poztu
poztua,poztu
prentsatu,prentsatu
prentsatua,prentsatu
prestaera,prestaera
prestamena,prestamen
proba,proba
progua,progu
promestu,promestu
pulpitua,pulpitu
puntada,puntada
puskatu,puskatu
puskatua,puskatu
putakumea,putakume
puzkerra,puzker
puztu,puztu
puztua,puztu
sabai,sabai
sabaia,sabai
sabia,sabi
sagardotegia,sagardotegi
saiakera,saiakera
saiatu,saiatu
saiatua,saiatu
sakatu,sakatu
sakatua,sakatu
sake,sake
sakea,sake
salaketa,salaketa
salatzailea,salatzaile
salerosi,salerosi
saletxea,saletxe
sandalia,sandalia
sandalo,sandalo
sandaloa,sandalo
santutua,santutu
sarbidea,sarbide
sardea,sarde
sarealdia,sarealdi
sareta,sareta
sargoria,sargori
sargoritu,sargoritu
sargoritua,sargoritu
sarrailagilea,sarrailagile
sarrera,sarrera
sarritu,sarritu
sarritua,sarritu
sartaldea,sartalde
sasidia,sasidi
sasoia,sasoi
sataia,satai
satiroa,satiro
satitsua,satitsu
segaila,segail
seinduna,seindun
seintzaina,seintzain
sendagaia,sendagai
sentiera,sentiera
setatia,setati
sikatu,sikatu
sikatua,sikatu
sits,sits
sitsa,sits
sitsak,sits
soildu,soildu
soildua,soildu
soiltasuna,soiltasun
solomoa,solomo
somatu,somatu
somatua,somatu
sorbeltza,sorbeltz
sorgindu,sorgindu
sorgindua,sorgindu
sorkia,sorki
sortaldea,sortalde
sotana,sotana
sufretsua,sufretsu
sumindura,sumindura
suminkorra,suminkor
superra,super
sustraitu,sustraitu
sustraitua,sustraitu
sutsua,sutsu
tailua,tailu
taldea,talde
tamaina,tamaina
tamarindoa,tamarindo
tantaia,tantai
tantaiak,tantai
tapitu,tapitu
tapitua,tapitu
tarantula,tarantula
te,te
tea,te
teilapea,teilape
tintontzia,tintontzi
tiragaleak,tiragale
tiraldia,tiraldi
titarea,titare
titia,titi
tokatu,tokatu
tolesa,toles
toleskorra,toleskor
tolestatu,tolestatu
tolestu,tolestu
tolestua,tolestu
toleta,tolet
toletak,tolet
tomatea,tomate
tomoa,tomo
tontorra,tontor
topatu,topatu
toreatu,toreatu
toreatzailea,toreatzaile
tortika,tortika
trabesa,trabes
trago,trago
tragoa,trago
trantze,trantze
trantzea,trantze
trataera,trataera
tratularia,tratulari
trikua,triku
trinkatu,trinkatu
trinkatua,trinkatu
trinkoa,trinko
troglodita,troglodita
trukea,truke
turroia,turroi
txakolina,txakolin
txalma,txalma
txalmatu,txalmatu
txalmatua,txalmatu
txalupa,txalupa
txanda,txanda
txanela,txanel
txangurrua,txangurru
txanoa,txano
txanpona,txanpon
txantxa,txantxa
txara,txara
txarkeria,txarkeria
txarrantxa,txarrantxa
txarro,txarro
txarroa,txarro
txartela,txartel
txatarra,txatar
txegosi,txegosi
txegosia,txegosi
txekorra,txekor
txepetxa,txepetx
txermena,txermen
txerri,txerri
txerria,txerri
txertatu,txertatu
txertatua,txertatu
txertoa,txerto
txibia,txibia
txigortu,txigortu
txigortua,txigortu
txikigarria,txikigarri
txikitu,txikitu
txikitua,txikitu
txilarra,txilar
tximino,tximino
tximista,tximista
tximua,tximu
txingarra,txingar
txingartu,txingartu
txingorra,txingor
txirikorda,txirikorda
txirikordatu,txirikordatu
txirikordatua,txirikordatu
txirlak,txirla
txiste,txiste
txistea,txiste
txistularia,txistulari
txitxarra,txitxar
txitxia,txitxi
txoko,txoko
txokoa,txoko
txolartea,txolarte
txorakeria,txorakeria
txoratu,txoratu
txori,txori
txoria,txori
txoriburu,txoriburu
txoroa,txoro
txortaloa,txortalo
txortena,txorten
txukuna,txukun
txukundu,txukundu
txukundua,txukundu
txupatu,txupatu
txupatua,txupatu
udaldia,udaldi
udazkena,udazken
ugaritasuna,ugaritasun
ugaritu,ugaritu
ugaritua,ugaritu
ugertu,ugertu
ukabila,ukabil
ukabilkaria,ukabilkari
ukabilkatu,ukabilkatu
ukabilkatua,ukabilkatu
untxia,untxi
upa,upa
upategia,upategi
upela,upel
urdaiazpikoa,urdaiazpiko
urdaila,urdail
urdandegia,urdandegi
urduna,urdun
urduritu,urduritu
urduritua,urduritu
urperatu,urperatu
urpetu,urpetu
urpetua,urpetu
urratu,urratu
urratua,urratu
urregilea,urregile
urrintsua,urrintsu
urrutiratu,urrutiratu
urrutiratua,urrutiratu
urtarra,urtar
urtetsua,urtetsu
urteurrena,urteurren
urtsua,urtsu
urtzailea,urtzaile
usandu,usandu
usandua,usandu
uztai,uztai
uztaia,uztai
zabaltzailea,zabaltzaile
zabarkeria,zabarkeria
zabarra,zabar
zabua,zabu
zaindu,zaindu
zaintsua,zaintsu
zakur,zakur
zakutoa,zakuto
zalantza,zalantza
zalantzatu,zalantzatu
zalditegi,zalditegi
zaldizkoa,zaldizko
zaldizkoak,zaldizko
zalduntza,zalduntza
zalkea,zalke
zamaua,zamau
zanga,zanga
zanpatu,zanpatu
zanpatua,zanpatu
zantzoa,zantzo
zaparrada,zaparrada
zapi,zapi
zaplada,zaplada
zapuztua,zapuztu
zarpa,zarpa
zarpak,zarpa
zartada,zartada
zartadakoa,zartadako
zatikorra,zatikor
zazpikia,zazpiki
zekorra,zekor
zelaitu,zelaitu
zelaitua,zelaitu
zepa,zepa
zerba,zerba
zeroa,zero
zerra,zerra
zerrak,zerra
zerratokia,zerratoki
zerratu,zerratu
zerratua,zerratu
zerrautsa,zerrauts
zerrenda,zerrenda
zerrendatu,zerrendatu
zerrendatua,zerrendatu
zerri,zerri
zerria,zerria
zerutarra,zerutar
zezina,zezin
ziapea,ziape
ziazerba,ziazerba
zibota,zibota
ziega,ziega
zikindu,zikindu
zikindua,zikindu
zikinkeria,zikinkeria
zikoitz,zikoitz
zikoitza,zikoitz
zikoizkeria,zikoizkeria
zimel,zimel
zimela,zimel
zimikatu,zimikatu
zimikoa,zimiko
zingila,zingila
zingira,zingira
zintzatu,zintzatu
zintzatua,zintzatu
zintzotasuna,zintzotasun
zintzotu,zintzotu
zintzotua,zintzotu
zipotza,zipotz
zirikatu,zirikatu
zirikatua,zirikatu
zirritua,zirritu
zirtzilua,zirtzilu
zirtziluak,zirtzilu
zitara,zitara
ziurra,ziur
zizeilua,zizeilu
zizela,zizel
ziztatu,ziztatu
ziztatua,ziztatu
zogia,zogi
zokoratu,zokoratu
zokoratua,zokoratu
zokorra,zokor
zolatu,zolatu
zolatua,zolatu
zolia,zoli
zorabiatu,zorabiatu
zorabiatua,zorabiatu
zorakeria,zorakeria
zorigabeak,zorigabe
zoriondu,zoriondu
zoriontasunak,zoriontasun
zornatu,zornatu
zornatua,zornatu
zoroetxea,zoroetxe
zorroztarria,zorroztarri
zozo,zozo
zozoa,zozo
zukua,zuku
zukutua,zukutu
zulogilea,zulogile
zumardia,zumardi
zumarra,zumar
zumea,zume
zumitza,zumitz
zuntza,zuntz
zuresia,zuresi
zuriketa,zuriketa
zuringo,zuringo
zuritzailea,zuritzaile
zurkaitza,zurkaitz
zurra,zurra
zurratu,zurratu
zurrupatu,zurrupatu
zurrupatua,zurrupatu
zurruta,zurrut
zurtoina,zurtoin
zutargia,zutargi
zuzemena,zuzemen
zuzendaria,zuzendari
zuzentzailea,zuzentzaile